Transaction_ID,Date,Customer_ID,Product_Category,Product_Name,Price,Quantity,Payment_Status,Revenue,Refund_Amount,Net_Revenue
100236,2023-11-24,C0012,Electronics,Smartphone Z,919.2,1,Paid,919.2,0.0,919.2
100061,2023-11-17,C0002,Electronics,Laptop X,159823.0,1,Paid,159823.0,0.0,159823.0
101131,2023-12-14,C0008,Smart Home,NordPlug,23.86,1,Paid,23.86,0.0,23.86
100391,,C0001,Smart Home,NordTherm,101.68,1,Paid,101.68,0.0,101.68
100319,2023-11-27,C0004,Accessories,Phone Case,3572.0,1,Paid,3572.0,0.0,3572.0
100889,2023-12-09,C0001,Electronics,NoiseCancel Headphones,230.36,1,Paid,230.36,0.0,230.36
100105,2023-11-19,C0056,Smart Home,NordCam Mini,8240.0,1,Paid,8240.0,0.0,8240.0
100603,2023-12-04,C0002,Electronics,Laptop X,177194.0,1,Paid,177194.0,0.0,177194.0
101189,2023-11-28,C0001,Smart Home,NordLock Pro,210.88,1,Paid,210.88,0.0,210.88
100563,2023-12-03,C0008,Electronics ,Smartphone Z,855.14,1,Paid,855.14,855.14,0.0
100366,2023-11-28,C0004, Electronics ,Smartphone Z,1024.64,1,Paid,1024.64,0.0,1024.64
100996,2023-12-12,C0003,Smart Home,NordLock Pro,222.61,1,Paid,222.61,0.0,222.61
100043,,C0002,Electronics ,TV Pro,1164.3,1,Paid,1164.3,0.0,1164.3
100725,2023-12-06,C0003, Accessories,Laptop Sleeve,27.13,2,Paid,54.26,0.0,54.26
100456,2023-11-30,C0001, Smart Home ,NordTherm,10545.0,1,Paid,10545.0,0.0,10545.0
100537,2023-12-02,C0030,Electronics,NoiseCancel Headphones,29046.0,1,Paid,29046.0,0.0,29046.0
101176,2023-11-24,C0017,Accessories,Phone Case,3484.0,1,Paid,3484.0,0.0,3484.0
101058,2023-12-13,C0001,Electronics,Laptop X,150482.0,1,Paid,150482.0,0.0,150482.0
100032,2023-11-16,C0094,Electronics,Laptop X,1585.05,1,Paid,1585.05,0.0,1585.05
100455,2023-11-30,C0117, Smart Home ,NordLock Pro,205.04,2,Paid,410.08,0.0,410.08
100354,2023-11-28,C0002, Smart Home ,NordLock Pro,20109.0,1,Paid,20109.0,0.0,20109.0
101181,,C0006,Accessories,Accessory Bundle,27.11,1,Paid,27.11,0.0,27.11
100062,,C0001, Smart Home ,NordLock Pro,221.97,1,Paid,221.97,0.0,221.97
100858,,C0001,Electronics,TV Pro,1060.25,1,Failed,1060.25,0.0,1060.25
101049,2023-12-13,C0001, Electronics ,NoiseCancel Headphones,288.0,1,Paid,288.0,0.0,288.0
100686,2023-12-05,C0059,Electronics,Tablet A,753.9,1,Paid,753.9,0.0,753.9
100233,,C0278,Electronics,TV Pro,1041.16,1,Paid,1041.16,0.0,1041.16
100094,2023-11-18,C0076, Accessories ,Charger,2832.0,3,Paid,8496.0,0.0,8496.0
100215,,C0063,Electronics,Smartphone Z,1077.99,1,Paid,1077.99,0.0,1077.99
100310,2023-11-26,C0002,Electronics,TV Pro,1601.36,1,Paid,1601.36,0.0,1601.36
100202,2023-11-23,C0002, Smart Home ,NordLock Pro,186.48,1,Pending,186.48,0.0,186.48
100290,2023-11-25,C0002, Accessories ,Phone Case,12.32,1,Paid,12.32,0.0,12.32
100737,2023-12-06,C0015,Electronics,Tablet A,672.16,1,Paid,672.16,0.0,672.16
100318,2023-11-27,C0005,Electronics,Smartphone Z,727.66,1,Paid,727.66,0.0,727.66
101141,,C0038, Accessories ,Accessory Bundle,55.24,3,Paid,165.72,0.0,165.72
100891,2023-12-09,C0008,Smart Home,NordLock Pro,21231.0,2,Paid,42462.0,0.0,42462.0
101188,2023-12-10,C0062, Accessories ,Wireless Mouse,32.09,1,Paid,32.09,0.0,32.09
100096,2023-11-18,C0001,Electronics,NoiseCancel Headphones,16652.0,1,Paid,16652.0,0.0,16652.0
100880,2023-12-09,C0001,Smart Home,NordLock Pro,231.5,1,Paid,231.5,0.0,231.5
100070,2023-11-17,C0124,Accessories,Accessory Bundle,8679.0,1,Paid,8679.0,0.0,8679.0
100797,,C0097,Electronics,Tablet A,583.65,1,Paid,583.65,0.0,583.65
100721,2023-12-06,C0085,Smart Home,NordLock Pro,20026.0,1,Paid,20026.0,0.0,20026.0
100796,2023-12-07,C0145,Accessories,Wireless Mouse,4357.0,1,Paid,4357.0,0.0,4357.0
100353,,C0010,Electronics ,NoiseCancel Headphones,29795.0,1,Failed,29795.0,0.0,29795.0
100352,2023-11-28,C0013, Electronics ,Laptop X,1343.0,1,Paid,1343.0,0.0,1343.0
100551,,C0200,Electronics,Tablet A,44523.0,1,Paid,44523.0,0.0,44523.0
100404,2023-11-29,C0017, Smart Home ,NordTherm,8385.0,1,Paid,8385.0,0.0,8385.0
100715,,C0002,Electronics,NoiseCancel Headphones,33075.0,1,Paid,33075.0,0.0,33075.0
100431,,C0310,Smart Home,NordLock Pro,19331.0,1,Paid,19331.0,0.0,19331.0
100608,2023-12-04,C0024,Smart Home,NordTherm,8121.0,1,Paid,8121.0,0.0,8121.0
100648,2023-12-05,C0024,Electronics ,Smartphone Z,834.38,1,Paid,834.38,0.0,834.38
100623,,C0002,Accessories,Laptop Sleeve,4396.0,2,Paid,8792.0,0.0,8792.0
100341,2023-11-27,C0006,Electronics,NoiseCancel Headphones,300.7,2,Paid,601.4,0.0,601.4
100742,2023-12-07,C0001, Accessories ,USB-C Cable,1069.0,4,Paid,4276.0,0.0,4276.0
100873,2023-12-09,C0004,Electronics,Smartphone Z,86318.0,1,Paid,86318.0,0.0,86318.0
100078,,C0007,Electronics,Tablet A,52712.0,1,Paid,52712.0,0.0,52712.0
101143,2023-12-10,C0001,Electronics ,TV Pro,97060.0,1,Paid,97060.0,0.0,97060.0
100910,,C0006,Smart Home,NordLock Pro,181.92,1,Failed,181.92,0.0,181.92
100432,2023-11-29,C0006,Smart Home,NordLock Pro,187.29,1,Failed,187.29,0.0,187.29
100272,,C0003, Electronics ,TV Pro,1118.62,1,Paid,1118.62,0.0,1118.62
100081,,C0091,Electronics,Tablet A,372.51,1,Paid,372.51,0.0,372.51
100280,2023-11-25,C0002,Accessories,Charger,3936.0,1,Paid,3936.0,0.0,3936.0
100837,,C0006,Electronics,Tablet A,70229.0,1,Paid,70229.0,0.0,70229.0
100506,2023-12-01,C0057, Accessories,Screen Protector,7.12,1,Paid,7.12,0.0,7.12
100364,2023-11-28,C0003,Electronics,TV Pro,1094.93,1,Paid,1094.93,0.0,1094.93
101173,2023-12-07,C0002,Electronics ,Tablet A,636.8,1,Paid,636.8,0.0,636.8
100612,2023-12-04,C0052, Accessories,Charger,3509.0,3,Pending,10527.0,0.0,10527.0
100040,2023-11-16,C0238,Electronics,Laptop X,1653.4,1,Paid,1653.4,0.0,1653.4
101085,2023-12-13,C0038,Smart Home,NordCam Mini,9186.0,2,Paid,18372.0,0.0,18372.0
100412,,C0053,Electronics,TV Pro,1261.41,1,Paid,1261.41,0.0,1261.41
100278,,C0181,Smart Home,NordLock Pro,24791.0,1,Paid,24791.0,0.0,24791.0
101101,2023-12-14,C0004,Smart Home,NordLock Pro,211.15,1,Paid,211.15,0.0,211.15
100565,2023-12-03,C0005,Smart Home,NordLock Pro,185.0,1,Paid,185.0,0.0,185.0
100827,2023-12-08,C0013, Electronics ,Tablet A,665.07,1,Paid,665.07,665.07,0.0
100561,,C0002,Electronics,Tablet A,77178.0,1,Paid,77178.0,0.0,77178.0
101183,,C0170,Accessories,Charger,30.35,2,Paid,60.7,0.0,60.7
100426,2023-11-29,C0031,Accessories,Screen Protector,8.99,2,Failed,17.98,0.0,17.98
100345,2023-11-27,C0250,Electronics,TV Pro,1536.64,1,Paid,1536.64,0.0,1536.64
100998,,C0001,Accessories,Laptop Sleeve,2336.0,1,Failed,2336.0,0.0,2336.0
101047,2023-12-13,C0023,Electronics,Tablet A,441.24,1,Paid,441.24,0.0,441.24
100471,2023-11-30,C0019, Smart Home ,NordLock Pro,180.99,1,Paid,180.99,0.0,180.99
100303,2023-11-26,C0003, Smart Home ,NordLock Pro,224.82,1,Paid,224.82,0.0,224.82
101002,,C0008,Electronics,Tablet A,318.91,1,Paid,318.91,0.0,318.91
100570,2023-12-03,C0001, Accessories,Laptop Sleeve,1923.0,1,Paid,1923.0,0.0,1923.0
100058,2023-11-17,C0031,Electronics,TV Pro,91497.0,1,Paid,91497.0,0.0,91497.0
100395,2023-11-29,C0169,Electronics,NoiseCancel Headphones,18076.0,1,Paid,18076.0,0.0,18076.0
100093,2023-11-18,C0004,Electronics ,Smartphone Z,894.13,1,Paid,894.13,0.0,894.13
100798,2023-12-08,C0004, Accessories ,Laptop Sleeve,41.56,1,Paid,41.56,0.0,41.56
100573,2023-12-03,C0008,Electronics,Laptop X,1597.38,1,Paid,1597.38,0.0,1597.38
100484,2023-12-01,C0137, Smart Home ,NordCam Mini,80.0,1,Paid,80.0,0.0,80.0
100261,2023-11-25,C0010, Electronics ,NoiseCancel Headphones,258.75,1,Paid,258.75,258.75,0.0
100084,2023-11-18,C0001, Accessories,Wireless Mouse,5631.0,1,Paid,5631.0,0.0,5631.0
100592,2023-12-03,C0024,Smart Home,NordLock Pro,18975.0,1,Paid,18975.0,0.0,18975.0
100003,2023-11-15,C0059,Electronics,Laptop X,1446.04,1,Paid,1446.04,0.0,1446.04
100042,2023-11-16,C0002,Accessories,Charger,1880.0,3,Paid,5640.0,0.0,5640.0
100327,2023-11-27,C0002,Electronics,Laptop X,1437.5,1,Paid,1437.5,0.0,1437.5
100087,,C0002, Accessories,Accessory Bundle,32.79,1,Paid,32.79,0.0,32.79
100457,,C0010,Accessories,Screen Protector,5.0,1,Paid,5.0,0.0,5.0
100965,2023-12-11,C0279, Accessories ,Screen Protector,1226.0,1,Paid,1226.0,0.0,1226.0
101028,2023-12-12,C0044,Accessories,Wireless Mouse,3171.0,1,Paid,3171.0,0.0,3171.0
100731,,C0002,Electronics,TV Pro,140531.0,2,Paid,281062.0,0.0,281062.0
100852,,C0113, Accessories ,USB-C Cable,1862.0,2,Paid,3724.0,0.0,3724.0
100916,2023-12-10,C0003,Electronics ,Laptop X,160863.0,1,Paid,160863.0,0.0,160863.0
101071,2023-12-13,C0013,Accessories,Wireless Mouse,26.47,2,Paid,52.94,0.0,52.94
101160,2023-11-25,C0004,Accessories,Phone Case,1993.0,2,Paid,3986.0,0.0,3986.0
100108,,C0008, Smart Home ,NordPlug,24.89,1,Paid,24.89,0.0,24.89
100690,2023-12-06,C0003, Smart Home ,NordLock Pro,192.91,1,Paid,192.91,0.0,192.91
100986,2023-12-11,C0178,Accessories,Charger,45.19,4,Paid,180.76,0.0,180.76
100747,,C0006, Accessories ,Screen Protector,11.32,4,Paid,45.28,0.0,45.28
101059,2023-12-13,C0002,Smart Home,NordLock Pro,202.54,1,Paid,202.54,0.0,202.54
101184,2023-11-28,C0001,Smart Home,NordLock Pro,210.88,1,Paid,210.88,0.0,210.88
100165,,C0001, Electronics ,Smartphone Z,771.06,1,Paid,771.06,0.0,771.06
100779,2023-12-07,C0001,Electronics,TV Pro,916.41,1,Paid,916.41,0.0,916.41
100039,2023-11-16,C0003,Accessories,Accessory Bundle,9193.0,2,Paid,18386.0,0.0,18386.0
100149,2023-11-21,C0001,Electronics,Tablet A,47544.0,1,Paid,47544.0,0.0,47544.0
100068,,C0004,Accessories,Accessory Bundle,84.63,2,Paid,169.26,0.0,169.26
100260,2023-11-25,C0003, Electronics ,Smartphone Z,70661.0,2,Paid,141322.0,0.0,141322.0
100558,,C0008,Electronics,Tablet A,356.42,1,Paid,356.42,0.0,356.42
100184,,C0028, Smart Home ,NordLock Pro,21027.0,2,Paid,42054.0,0.0,42054.0
101079,,C0003,Accessories,Charger,4081.0,1,Paid,4081.0,0.0,4081.0
101094,2023-12-14,C0030,Electronics,Laptop X,132630.0,2,Paid,265260.0,0.0,265260.0
100944,2023-12-11,C0289,Electronics,NoiseCancel Headphones,157.39,1,Paid,157.39,0.0,157.39
100617,2023-12-04,C0002,Electronics,Tablet A,351.21,1,Paid,351.21,0.0,351.21
100136,,C0256,Smart Home,NordTherm,85.0,2,Paid,170.0,0.0,170.0
100974,2023-12-11,C0031,Accessories,Accessory Bundle,68.13,3,Paid,204.39,0.0,204.39
100955,2023-12-11,C0002, Accessories,Screen Protector,543.0,1,Paid,543.0,0.0,543.0
101060,2023-12-13,C0001,Electronics ,TV Pro,1293.65,1,Paid,1293.65,0.0,1293.65
100726,2023-12-06,C0001,Electronics,NoiseCancel Headphones,302.52,1,Paid,302.52,0.0,302.52
101151,2023-12-11,C0007, Accessories ,Accessory Bundle,4445.0,1,Paid,4445.0,0.0,4445.0
100861,2023-12-09,C0046,Smart Home,NordLock Pro,201.0,1,Paid,201.0,0.0,201.0
100329,2023-11-27,C0001, Accessories ,Phone Case,1221.0,2,Paid,2442.0,0.0,2442.0
100312,,C0148,Electronics,Laptop X,1691.9,1,Paid,1691.9,0.0,1691.9
100377,2023-11-28,C0009,Accessories,USB-C Cable,1951.0,1,Paid,1951.0,0.0,1951.0
100639,,C0042,Smart Home,NordLock Pro,22367.0,2,Paid,44734.0,0.0,44734.0
101098,2023-12-14,C0001,Accessories,Charger,2204.0,1,Paid,2204.0,0.0,2204.0
100173,,C0008,Electronics,Smartphone Z,104381.0,1,Paid,104381.0,0.0,104381.0
100883,2023-12-09,C0002,Electronics,Laptop X,1389.38,1,Paid,1389.38,0.0,1389.38
100560,,C0196,Electronics,Smartphone Z,840.55,1,Paid,840.55,0.0,840.55
100289,2023-11-25,C0005, Smart Home ,NordLock Pro,249.63,2,Paid,499.26,0.0,499.26
100294,,C0002, Accessories,USB-C Cable,13.57,2,Paid,27.14,0.0,27.14
100435,2023-11-29,C0008,Accessories,Screen Protector,8.41,3,Paid,25.23,0.0,25.23
101154,2023-12-11,C0015,Smart Home,NordLock Pro,24195.0,1,Paid,24195.0,0.0,24195.0
100666,,C0001,Accessories,Laptop Sleeve,22.57,4,Paid,90.28,0.0,90.28
100270,,C0031,Accessories,Laptop Sleeve,17.02,2,Paid,34.04,0.0,34.04
101087,2023-12-14,C0009, Electronics ,Tablet A,484.26,1,Paid,484.26,0.0,484.26
100321,2023-11-27,C0004, Accessories ,Accessory Bundle,5176.0,1,Paid,5176.0,0.0,5176.0
100462,2023-11-30,C0009,Electronics,Laptop X,138957.0,1,Paid,138957.0,0.0,138957.0
100370,2023-11-28,C0217,Accessories,USB-C Cable,1989.0,2,Failed,3978.0,0.0,3978.0
100218,2023-11-23,C0004,Electronics,Smartphone Z,98929.0,2,Paid,197858.0,0.0,197858.0
100083,,C0002,Smart Home,NordLock Pro,215.0,1,Paid,215.0,0.0,215.0
100273,2023-11-25,C0002,Electronics,Laptop X,137489.0,1,Paid,137489.0,0.0,137489.0
100637,2023-12-04,C0003,Electronics,Smartphone Z,713.0,1,Paid,713.0,0.0,713.0
101103,2023-12-14,C0103, Accessories,Accessory Bundle,63.95,1,Paid,63.95,0.0,63.95
100178,2023-11-22,C0025,Electronics,NoiseCancel Headphones,25235.0,1,Paid,25235.0,0.0,25235.0
100593,2023-12-03,C0297,Accessories,Laptop Sleeve,27.83,1,Paid,27.83,0.0,27.83
100410,2023-11-29,C0026, Accessories ,Accessory Bundle,3578.0,1,Pending,3578.0,0.0,3578.0
100401,2023-11-29,C0017,Accessories,Phone Case,10.0,1,Paid,10.0,0.0,10.0
100438,2023-11-30,C0010, Accessories,Charger,20.58,1,Paid,20.58,0.0,20.58
100600,,C0043,Accessories,Phone Case,3288.0,1,Paid,3288.0,0.0,3288.0
100753,2023-12-07,C0040, Electronics ,Tablet A,43632.0,1,Paid,43632.0,0.0,43632.0
100765,2023-12-07,C0080,Electronics,Laptop X,136187.0,1,Paid,136187.0,0.0,136187.0
100782,2023-12-07,C0001,Smart Home,NordLock Pro,201.0,2,Paid,402.0,0.0,402.0
101064,,C0002,Accessories,Phone Case,16.39,3,Paid,49.17,0.0,49.17
100477,,C0001, Smart Home ,NordLock Pro,195.76,1,Pending,195.76,0.0,195.76
100936,2023-12-11,C0151,Electronics,TV Pro,164180.0,1,Paid,164180.0,0.0,164180.0
100489,2023-12-01,C0015,Electronics,Tablet A,559.0,2,Paid,1118.0,0.0,1118.0
100238,2023-11-24,C0270,Accessories,USB-C Cable,17.0,1,Paid,17.0,0.0,17.0
100026,,C0091,Electronics,NoiseCancel Headphones,19239.0,1,Paid,19239.0,0.0,19239.0
100244,2023-11-24,C0002,Electronics ,NoiseCancel Headphones,229.51,1,Paid,229.51,0.0,229.51
100828,2023-12-08,C0001, Accessories,Screen Protector,1381.0,2,Paid,2762.0,0.0,2762.0
100976,2023-12-11,C0008,Electronics ,Tablet A,36596.0,1,Paid,36596.0,0.0,36596.0
100427,2023-11-29,C0001,Electronics,TV Pro,118716.0,1,Paid,118716.0,0.0,118716.0
100023,,C0016, Accessories ,Accessory Bundle,30.78,1,Paid,30.78,0.0,30.78
100256,2023-11-24,C0002, Smart Home ,NordLock Pro,235.74,1,Paid,235.74,0.0,235.74
100293,2023-11-25,C0001, Accessories,Charger,40.76,1,Paid,40.76,0.0,40.76
100811,2023-12-08,C0008, Electronics ,NoiseCancel Headphones,16134.0,1,Paid,16134.0,0.0,16134.0
100295,2023-11-25,C0001,Electronics,Smartphone Z,78949.0,1,Paid,78949.0,0.0,78949.0
100785,2023-12-07,C0034,Electronics,Smartphone Z,107268.0,1,Paid,107268.0,0.0,107268.0
100122,2023-11-20,C0113, Accessories,Phone Case,33.56,1,Paid,33.56,0.0,33.56
100807,2023-12-08,C0007,Accessories,USB-C Cable,1272.0,1,Paid,1272.0,0.0,1272.0
100953,2023-12-11,C0015,Smart Home,NordLock Pro,24195.0,1,Paid,24195.0,0.0,24195.0
101084,2023-12-13,C0225,Accessories,Laptop Sleeve,20.38,2,Paid,40.76,0.0,40.76
100317,2023-11-27,C0001,Electronics,Smartphone Z,72477.0,1,Paid,72477.0,0.0,72477.0
100679,,C0001,Smart Home,NordLock Pro,197.29,1,Pending,197.29,0.0,197.29
100503,2023-12-01,C0122,Smart Home,NordLock Pro,207.18,1,Paid,207.18,0.0,207.18
100190,2023-11-22,C0215,Electronics,Smartphone Z,84671.0,2,Paid,169342.0,0.0,169342.0
100763,,C0001,Accessories,USB-C Cable,1694.0,1,Paid,1694.0,0.0,1694.0
100171,2023-11-22,C0090,Accessories,Charger,28.87,4,Paid,115.48,0.0,115.48
100155,,C0003,Electronics ,TV Pro,101981.0,1,Paid,101981.0,0.0,101981.0
100177,,C0002,Electronics,NoiseCancel Headphones,309.0,1,Paid,309.0,0.0,309.0
100350,2023-11-27,C0038, Accessories ,Charger,34.12,2,Paid,68.24,0.0,68.24
100991,2023-12-12,C0107, Electronics ,Tablet A,427.39,1,Failed,427.39,0.0,427.39
101066,2023-12-13,C0007,Electronics,NoiseCancel Headphones,258.62,1,Pending,258.62,0.0,258.62
100583,2023-12-03,C0001, Electronics ,TV Pro,118173.0,1,Paid,118173.0,0.0,118173.0
101191,2023-11-15,C0002,Electronics,Tablet A,48825.0,1,Paid,48825.0,0.0,48825.0
101035,2023-12-12,C0001, Smart Home ,NordLock Pro,19528.0,2,Paid,39056.0,0.0,39056.0
100578,2023-12-03,C0012, Accessories ,Wireless Mouse,5121.0,1,Pending,5121.0,0.0,5121.0
101031,,C0020,Smart Home,NordLock Pro,20555.0,1,Paid,20555.0,0.0,20555.0
100524,2023-12-02,C0104, Accessories ,Wireless Mouse,1815.0,1,Paid,1815.0,0.0,1815.0
100777,2023-12-07,C0206, Accessories ,Phone Case,1643.0,1,Paid,1643.0,0.0,1643.0
101175,2023-12-07,C0004,Electronics,Smartphone Z,89314.0,1,Paid,89314.0,0.0,89314.0
100607,2023-12-04,C0054,Electronics ,Laptop X,1698.65,1,Paid,1698.65,0.0,1698.65
100983,2023-12-11,C0038,Accessories,Laptop Sleeve,3852.0,2,Paid,7704.0,0.0,7704.0
100562,,C0142, Accessories ,USB-C Cable,1733.0,1,Paid,1733.0,0.0,1733.0
100842,2023-12-08,C0007,Electronics,Laptop X,171494.0,1,Paid,171494.0,1714.94,169779.06
101187,2023-11-29,C0017, Smart Home ,NordTherm,8385.0,1,Paid,8385.0,0.0,8385.0
100630,2023-12-04,C0069,Accessories,Wireless Mouse,13.89,1,Paid,13.89,0.0,13.89
100898,2023-12-10,C0001,Smart Home,NordLock Pro,24197.0,1,Paid,24197.0,0.0,24197.0
100067,2023-11-17,C0003,Accessories,Wireless Mouse,56.08,1,Paid,56.08,56.08,0.0
100714,,C0001,Accessories,Screen Protector,12.92,1,Paid,12.92,0.0,12.92
100182,2023-11-22,C0001,Electronics,TV Pro,1046.88,1,Failed,1046.88,0.0,1046.88
100958,2023-12-11,C0001,Accessories,Charger,43.0,3,Paid,129.0,0.0,129.0
100696,2023-12-06,C0135, Smart Home ,NordLock Pro,225.0,2,Paid,450.0,0.0,450.0
100334,2023-11-27,C0005,Electronics,Tablet A,322.05,1,Paid,322.05,0.0,322.05
100938,,C0014,Electronics ,Smartphone Z,78274.0,1,Failed,78274.0,0.0,78274.0
100733,2023-12-06,C0050, Accessories,Charger,48.23,3,Paid,144.69,0.0,144.69
100913,2023-12-10,C0001,Accessories,Wireless Mouse,1915.0,1,Paid,1915.0,0.0,1915.0
100644,2023-12-04,C0301, Accessories,USB-C Cable,953.0,2,Paid,1906.0,0.0,1906.0
100541,2023-12-02,C0020,Accessories,Wireless Mouse,5832.0,1,Paid,5832.0,0.0,5832.0
100577,2023-12-03,C0002, Smart Home ,NordLock Pro,213.5,2,Paid,427.0,427.0,0.0
100045,2023-11-17,C0115,Electronics,TV Pro,1532.19,1,Paid,1532.19,0.0,1532.19
100080,,C0002,Accessories,Accessory Bundle,3586.0,2,Paid,7172.0,0.0,7172.0
100911,2023-12-10,C0003,Electronics,NoiseCancel Headphones,254.21,1,Paid,254.21,0.0,254.21
100820,2023-12-08,C0001,Accessories,Accessory Bundle,61.58,3,Failed,184.74,0.0,184.74
100990,2023-12-12,C0157, Electronics ,NoiseCancel Headphones,32841.0,2,Paid,65682.0,0.0,65682.0
100634,,C0002,Electronics,Smartphone Z,81082.0,1,Paid,81082.0,0.0,81082.0
100118,2023-11-19,C0068,Accessories,Laptop Sleeve,38.0,1,Paid,38.0,0.0,38.0
100906,,C0048, Electronics ,NoiseCancel Headphones,158.01,1,Paid,158.01,0.0,158.01
100332,2023-11-27,C0002,Electronics,Laptop X,1608.06,1,Paid,1608.06,0.0,1608.06
101117,2023-12-14,C0018, Accessories,Charger,27.0,2,Paid,54.0,0.0,54.0
100755,2023-12-07,C0003, Accessories,Accessory Bundle,76.3,2,Paid,152.6,0.0,152.6
100483,2023-12-01,C0001,Smart Home,NordLock Pro,21617.0,1,Paid,21617.0,0.0,21617.0
100047,2023-11-17,C0006,Smart Home,NordLock Pro,208.67,1,Paid,208.67,0.0,208.67
100605,2023-12-04,C0013,Smart Home,NordTherm,14249.0,1,Paid,14249.0,0.0,14249.0
100124,2023-11-20,C0004,Electronics,NoiseCancel Headphones,23373.0,1,Paid,23373.0,0.0,23373.0
100240,2023-11-24,C0018,Accessories,USB-C Cable,1343.0,2,Paid,2686.0,0.0,2686.0
100027,,C0004,Electronics ,NoiseCancel Headphones,170.89,1,Paid,170.89,0.0,170.89
101168,,C0004, Smart Home ,NordLock Pro,24671.0,1,Paid,24671.0,0.0,24671.0
100057,2023-11-17,C0061,Electronics,TV Pro,1046.02,1,Paid,1046.02,0.0,1046.02
101072,2023-12-13,C0001,Smart Home,NordLock Pro,212.32,1,Paid,212.32,0.0,212.32
100709,2023-12-06,C0001,Accessories,Wireless Mouse,54.54,3,Paid,163.62,0.0,163.62
101045,2023-12-13,C0027,Smart Home,NordPlug,3253.0,2,Paid,6506.0,0.0,6506.0
100379,2023-11-28,C0001,Accessories,Accessory Bundle,67.03,2,Paid,134.06,0.0,134.06
100316,2023-11-26,C0002,Electronics,Tablet A,597.79,1,Paid,597.79,0.0,597.79
100907,,C0005,Electronics ,TV Pro,135221.0,1,Paid,135221.0,0.0,135221.0
100180,2023-11-22,C0006,Electronics ,NoiseCancel Headphones,22854.0,1,Paid,22854.0,0.0,22854.0
101018,,C0002, Accessories ,USB-C Cable,15.31,2,Paid,30.62,0.0,30.62
101088,2023-12-14,C0006,Accessories,USB-C Cable,1475.0,1,Paid,1475.0,0.0,1475.0
100515,,C0243,Electronics,Tablet A,533.0,1,Paid,533.0,0.0,533.0
100693,2023-12-06,C0001, Accessories,Laptop Sleeve,26.83,2,Paid,53.66,0.0,53.66
100682,2023-12-05,C0223, Accessories,Screen Protector,750.0,2,Paid,1500.0,0.0,1500.0
101037,2023-12-12,C0003,Electronics,NoiseCancel Headphones,30813.0,1,Paid,30813.0,308.13,30504.87
100106,,C0020, Accessories,USB-C Cable,14.99,2,Paid,29.98,0.0,29.98
100786,2023-12-07,C0112,Smart Home,NordLock Pro,24531.0,1,Paid,24531.0,245.31,24285.69
100915,2023-12-10,C0028,Accessories,USB-C Cable,1571.0,1,Failed,1571.0,0.0,1571.0
100821,,C0001,Accessories,Screen Protector,618.0,1,Paid,618.0,0.0,618.0
100268,2023-11-25,C0005,Electronics,TV Pro,1187.59,1,Pending,1187.59,0.0,1187.59
101148,,C0220, Accessories ,Phone Case,3101.0,4,Paid,12404.0,0.0,12404.0
100789,2023-12-07,C0030,Electronics ,Laptop X,1363.0,1,Paid,1363.0,0.0,1363.0
100967,2023-12-11,C0002,Accessories,Screen Protector,1465.0,2,Pending,2930.0,0.0,2930.0
100448,,C0001, Accessories ,Screen Protector,13.04,2,Paid,26.08,0.0,26.08
100041,2023-11-16,C0007, Accessories ,Accessory Bundle,9652.0,1,Paid,9652.0,0.0,9652.0
100533,2023-12-02,C0034, Accessories,Laptop Sleeve,3230.0,3,Paid,9690.0,0.0,9690.0
100301,2023-11-26,C0046,Accessories,Charger,15.37,1,Paid,15.37,15.37,0.0
100434,2023-11-29,C0005,Electronics,NoiseCancel Headphones,344.0,1,Paid,344.0,0.0,344.0
100802,2023-12-08,C0183,Smart Home,NordLock Pro,20086.0,1,Paid,20086.0,200.86,19885.14
101126,,C0001,Smart Home,NordLock Pro,20617.0,1,Paid,20617.0,0.0,20617.0
100269,2023-11-25,C0070,Electronics,Laptop X,146672.0,1,Pending,146672.0,0.0,146672.0
100619,,C0001,Electronics,TV Pro,1574.14,1,Paid,1574.14,0.0,1574.14
100633,2023-12-04,C0040,Accessories,USB-C Cable,13.0,3,Paid,39.0,0.0,39.0
101029,2023-12-12,C0001,Accessories,Laptop Sleeve,3726.0,2,Paid,7452.0,0.0,7452.0
101081,2023-12-13,C0004, Smart Home ,NordPlug,21.26,1,Paid,21.26,0.0,21.26
100297,,C0015,Smart Home,NordLock Pro,248.0,1,Paid,248.0,0.0,248.0
101155,,C0042,Electronics,Laptop X,1620.72,1,Paid,1620.72,0.0,1620.72
100703,,C0001,Smart Home,NordLock Pro,225.82,1,Paid,225.82,0.0,225.82
100594,2023-12-03,C0147,Electronics,Tablet A,72489.0,1,Paid,72489.0,0.0,72489.0
100971,2023-12-11,C0002,Electronics,TV Pro,1667.73,1,Paid,1667.73,0.0,1667.73
100299,2023-11-26,C0018,Electronics,NoiseCancel Headphones,281.5,1,Paid,281.5,0.0,281.5
101095,2023-12-14,C0002,Smart Home,NordLock Pro,23851.0,1,Paid,23851.0,0.0,23851.0
100905,2023-12-10,C0311,Electronics,TV Pro,1080.0,1,Paid,1080.0,0.0,1080.0
100208,,C0002,Accessories,USB-C Cable,11.04,1,Paid,11.04,0.0,11.04
100704,,C0010, Smart Home ,NordLock Pro,241.0,1,Paid,241.0,0.0,241.0
100896,2023-12-10,C0001,Accessories,USB-C Cable,1860.0,1,Paid,1860.0,0.0,1860.0
101132,2023-12-14,C0001,Electronics,Tablet A,589.01,1,Paid,589.01,0.0,589.01
100144,2023-11-21,C0001, Accessories ,Laptop Sleeve,31.36,3,Paid,94.08,0.0,94.08
100251,,C0001,Accessories,Charger,41.99,3,Paid,125.97,0.0,125.97
100514,,C0095,Electronics ,Laptop X,1623.0,1,Paid,1623.0,0.0,1623.0
100978,2023-12-11,C0003,Electronics,NoiseCancel Headphones,279.88,1,Paid,279.88,0.0,279.88
100824,2023-12-08,C0007,Electronics,Tablet A,524.82,1,Paid,524.82,0.0,524.82
101082,2023-12-13,C0014, Smart Home ,NordLock Pro,23199.0,1,Paid,23199.0,0.0,23199.0
100717,2023-12-06,C0001, Accessories ,Phone Case,3948.0,1,Paid,3948.0,0.0,3948.0
100732,2023-12-06,C0001,Electronics,TV Pro,1144.44,1,Paid,1144.44,0.0,1144.44
100164,2023-11-22,C0015, Electronics ,Smartphone Z,84523.0,1,Paid,84523.0,0.0,84523.0
100501,2023-12-01,C0002,Electronics,NoiseCancel Headphones,255.15,1,Paid,255.15,0.0,255.15
100264,2023-11-25,C0316, Smart Home ,NordLock Pro,20811.0,1,Paid,20811.0,0.0,20811.0
100082,2023-11-18,C0001,Electronics,Laptop X,1457.02,2,Paid,2914.04,0.0,2914.04
101142,2023-11-17,C0061,Electronics,TV Pro,1046.02,1,Paid,1046.02,0.0,1046.02
100768,2023-12-07,C0001, Accessories,Accessory Bundle,5524.0,1,Paid,5524.0,0.0,5524.0
100325,2023-11-27,C0125,Smart Home,NordLock Pro,220.55,1,Paid,220.55,0.0,220.55
100473,2023-11-30,C0004,Electronics,NoiseCancel Headphones,31619.0,1,Paid,31619.0,0.0,31619.0
100564,2023-12-03,C0001,Smart Home,NordLock Pro,223.08,1,Paid,223.08,0.0,223.08
100145,,C0170,Accessories,Charger,30.35,2,Paid,60.7,0.0,60.7
100663,2023-12-05,C0066,Smart Home,NordLock Pro,200.01,1,Paid,200.01,200.01,0.0
100814,,C0001,Smart Home,NordLock Pro,18189.0,1,Paid,18189.0,0.0,18189.0
100275,2023-11-25,C0004,Accessories,Phone Case,1993.0,2,Paid,3986.0,0.0,3986.0
100972,,C0005, Smart Home ,NordLock Pro,216.12,2,Pending,432.24,0.0,432.24
100673,2023-12-05,C0016,Electronics,Tablet A,507.23,1,Paid,507.23,0.0,507.23
100793,,C0083,Accessories,USB-C Cable,19.69,2,Paid,39.38,0.0,39.38
100752,2023-12-07,C0271, Smart Home ,NordLock Pro,212.22,2,Paid,424.44,0.0,424.44
100730,2023-12-06,C0115,Accessories,Wireless Mouse,58.87,1,Paid,58.87,0.0,58.87
100609,2023-12-04,C0004,Smart Home,NordCam Mini,62.0,1,Paid,62.0,0.0,62.0
100825,,C0021,Electronics,Tablet A,652.84,1,Paid,652.84,0.0,652.84
100088,2023-11-18,C0027,Accessories,Charger,2020.0,1,Paid,2020.0,0.0,2020.0
100945,2023-12-11,C0012,Electronics,Tablet A,73642.0,2,Paid,147284.0,0.0,147284.0
100853,,C0042, Electronics ,Smartphone Z,1004.0,1,Paid,1004.0,0.0,1004.0
100307,2023-11-26,C0003,Electronics,Smartphone Z,912.54,1,Paid,912.54,0.0,912.54
100552,2023-12-02,C0145,Electronics,TV Pro,1419.0,1,Paid,1419.0,0.0,1419.0
100188,2023-11-22,C0001,Electronics ,Smartphone Z,85141.0,1,Paid,85141.0,0.0,85141.0
100892,2023-12-10,C0009,Accessories,Wireless Mouse,25.68,1,Paid,25.68,0.0,25.68
100288,2023-11-25,C0003, Accessories,Charger,29.37,1,Paid,29.37,0.0,29.37
100871,2023-12-09,C0075, Smart Home ,NordLock Pro,185.47,1,Paid,185.47,0.0,185.47
100668,2023-12-05,C0030,Electronics ,Laptop X,1686.77,1,Paid,1686.77,0.0,1686.77
101001,,C0004,Smart Home,NordLock Pro,186.38,1,Pending,186.38,0.0,186.38
101061,2023-12-13,C0001, Accessories ,Screen Protector,8.08,2,Paid,16.16,0.0,16.16
100756,2023-12-07,C0001, Accessories,Charger,43.27,1,Paid,43.27,0.0,43.27
100372,2023-11-28,C0005,Accessories,Accessory Bundle,36.7,2,Paid,73.4,0.0,73.4
100050,2023-11-17,C0003,Electronics,Tablet A,336.05,2,Paid,672.1,0.0,672.1
100454,2023-11-30,C0006, Electronics ,Smartphone Z,1061.74,1,Paid,1061.74,0.0,1061.74
100549,,C0001,Smart Home,NordLock Pro,190.1,1,Paid,190.1,0.0,190.1
100248,2023-11-24,C0001,Accessories,Wireless Mouse,26.62,1,Paid,26.62,0.0,26.62
101195,2023-11-23,C0002, Electronics ,Laptop X,1577.0,1,Paid,1577.0,0.0,1577.0
100398,2023-11-29,C0019,Smart Home,NordLock Pro,201.64,1,Paid,201.64,0.0,201.64
100865,2023-12-09,C0055,Electronics ,Tablet A,77298.0,1,Paid,77298.0,0.0,77298.0
100601,2023-12-04,C0001, Accessories,Wireless Mouse,32.0,1,Pending,32.0,0.0,32.0
100662,2023-12-05,C0004,Smart Home,NordLock Pro,23867.0,1,Paid,23867.0,0.0,23867.0
100833,2023-12-08,C0027, Electronics ,NoiseCancel Headphones,24837.0,1,Paid,24837.0,0.0,24837.0
101124,,C0197,Accessories,Screen Protector,1214.0,1,Paid,1214.0,0.0,1214.0
100838,2023-12-08,C0003, Smart Home ,NordLock Pro,188.83,1,Paid,188.83,0.0,188.83
100034,,C0001, Accessories,Accessory Bundle,34.22,2,Paid,68.44,0.0,68.44
100089,2023-11-18,C0002, Accessories ,Screen Protector,12.91,1,Paid,12.91,0.0,12.91
100357,2023-11-28,C0208,Electronics,Smartphone Z,1034.43,1,Paid,1034.43,0.0,1034.43
100567,2023-12-03,C0001,Electronics,Tablet A,631.82,1,Paid,631.82,0.0,631.82
100918,2023-12-10,C0035,Accessories,Accessory Bundle,98.54,1,Paid,98.54,98.54,0.0
100517,,C0117,Accessories,Phone Case,33.43,1,Paid,33.43,0.0,33.43
100085,,C0020, Accessories ,Charger,45.43,2,Paid,90.86,0.0,90.86
100773,2023-12-07,C0004,Electronics,Smartphone Z,89314.0,1,Paid,89314.0,0.0,89314.0
100347,,C0006, Electronics ,TV Pro,937.66,2,Paid,1875.32,0.0,1875.32
100539,2023-12-02,C0008,Electronics,TV Pro,1441.81,1,Paid,1441.81,0.0,1441.81
100132,2023-11-20,C0001, Electronics ,Laptop X,161231.0,2,Paid,322462.0,0.0,322462.0
100376,2023-11-28,C0006,Smart Home,NordLock Pro,224.2,1,Paid,224.2,0.0,224.2
101034,,C0214, Accessories,Charger,15.36,2,Paid,30.72,0.0,30.72
100616,2023-12-04,C0005,Accessories,Screen Protector,5.04,1,Failed,5.04,0.0,5.04
100822,2023-12-08,C0242,Smart Home,NordLock Pro,200.64,1,Paid,200.64,0.0,200.64
100362,2023-11-28,C0004, Accessories,Charger,43.85,2,Paid,87.7,0.0,87.7
100428,2023-11-29,C0027, Accessories,Accessory Bundle,6978.0,1,Paid,6978.0,0.0,6978.0
101032,2023-12-12,C0125,Accessories,Phone Case,3823.0,2,Paid,7646.0,0.0,7646.0
100342,2023-11-27,C0024,Accessories,Phone Case,3696.0,2,Paid,7392.0,0.0,7392.0
100498,2023-12-01,C0013,Accessories,Screen Protector,9.2,1,Paid,9.2,0.0,9.2
100758,2023-12-07,C0057,Smart Home,NordLock Pro,239.23,1,Paid,239.23,0.0,239.23
101020,,C0013, Accessories ,Screen Protector,12.92,1,Paid,12.92,0.0,12.92
101146,,C0002,Smart Home,NordLock Pro,19226.0,1,Paid,19226.0,0.0,19226.0
100734,,C0009,Smart Home,NordTherm,106.57,1,Failed,106.57,0.0,106.57
100063,,C0046,Electronics,TV Pro,1698.27,1,Paid,1698.27,0.0,1698.27
100636,,C0008, Accessories,Accessory Bundle,37.42,4,Paid,149.68,0.0,149.68
100914,2023-12-10,C0118,Accessories,USB-C Cable,1498.0,1,Paid,1498.0,0.0,1498.0
100468,2023-11-30,C0001,Electronics,TV Pro,95827.0,1,Paid,95827.0,0.0,95827.0
100220,2023-11-24,C0073,Accessories,Accessory Bundle,4498.0,2,Paid,8996.0,0.0,8996.0
100443,,C0009,Electronics,Tablet A,487.7,1,Paid,487.7,0.0,487.7
100153,2023-11-21,C0106, Electronics ,Laptop X,1426.23,1,Paid,1426.23,0.0,1426.23
100326,2023-11-27,C0019,Smart Home,NordLock Pro,23866.0,1,Paid,23866.0,0.0,23866.0
100308,2023-11-26,C0301, Accessories,Charger,42.0,1,Paid,42.0,0.0,42.0
100859,2023-12-09,C0047,Electronics ,TV Pro,1295.1,1,Paid,1295.1,0.0,1295.1
100613,2023-12-04,C0005,Electronics,Smartphone Z,70194.0,1,Paid,70194.0,0.0,70194.0
100585,2023-12-03,C0067, Smart Home ,NordTherm,84.35,1,Paid,84.35,0.0,84.35
100606,2023-12-04,C0003,Accessories,Screen Protector,5.0,2,Paid,10.0,10.0,0.0
100204,,C0239,Electronics,NoiseCancel Headphones,204.43,1,Paid,204.43,0.0,204.43
100772,,C0001, Accessories,Charger,43.23,1,Paid,43.23,0.0,43.23
100399,,C0262,Electronics,NoiseCancel Headphones,186.48,1,Paid,186.48,0.0,186.48
100005,,C0003,Electronics,Tablet A,55375.0,1,Paid,55375.0,0.0,55375.0
101147,2023-11-24,C0276, Smart Home ,NordLock Pro,205.21,1,Paid,205.21,205.21,0.0
100893,2023-12-10,C0224, Accessories ,Accessory Bundle,47.39,1,Paid,47.39,0.0,47.39
100900,2023-12-10,C0001, Accessories ,USB-C Cable,1188.0,1,Paid,1188.0,0.0,1188.0
100701,,C0120,Accessories,USB-C Cable,1786.0,2,Paid,3572.0,0.0,3572.0
100845,,C0001, Smart Home ,NordLock Pro,20258.0,1,Paid,20258.0,0.0,20258.0
100994,,C0023,Smart Home,NordLock Pro,192.7,1,Paid,192.7,0.0,192.7
100458,2023-11-30,C0030,Smart Home,NordLock Pro,214.91,1,Paid,214.91,0.0,214.91
100072,2023-11-18,C0001, Accessories,Phone Case,25.0,1,Paid,25.0,0.0,25.0
100672,2023-12-05,C0007,Electronics,NoiseCancel Headphones,196.0,1,Paid,196.0,0.0,196.0
100656,,C0001,Smart Home,NordLock Pro,210.0,1,Paid,210.0,0.0,210.0
101164,,C0296,Accessories,Accessory Bundle,5201.0,2,Paid,10402.0,0.0,10402.0
100262,2023-11-25,C0033, Electronics ,Smartphone Z,948.32,1,Paid,948.32,0.0,948.32
101043,,C0002,Accessories,Accessory Bundle,4699.0,2,Paid,9398.0,0.0,9398.0
100538,,C0007, Accessories,Accessory Bundle,8245.0,2,Paid,16490.0,0.0,16490.0
100203,,C0079, Accessories ,USB-C Cable,11.15,1,Paid,11.15,0.0,11.15
101152,2023-11-24,C0126,Accessories,USB-C Cable,910.0,1,Paid,910.0,0.0,910.0
100071,2023-11-17,C0035,Accessories,USB-C Cable,15.0,4,Paid,60.0,0.0,60.0
101128,,C0283,Electronics,TV Pro,1490.5,1,Paid,1490.5,0.0,1490.5
100954,2023-12-11,C0187,Accessories,Accessory Bundle,9799.0,2,Paid,19598.0,0.0,19598.0
100128,2023-11-20,C0120,Accessories,Phone Case,33.65,1,Paid,33.65,0.0,33.65
100371,,C0013,Electronics,Smartphone Z,92219.0,1,Paid,92219.0,0.0,92219.0
100135,,C0098,Electronics,Laptop X,1417.96,1,Paid,1417.96,0.0,1417.96
100485,,C0060,Electronics ,NoiseCancel Headphones,327.51,1,Paid,327.51,0.0,327.51
100816,2023-12-08,C0031,Smart Home,NordLock Pro,20728.0,1,Paid,20728.0,207.28,20520.72
100222,2023-11-24,C0070, Accessories ,Wireless Mouse,3986.0,1,Paid,3986.0,0.0,3986.0
101093,2023-12-14,C0001,Electronics,NoiseCancel Headphones,30732.0,1,Paid,30732.0,0.0,30732.0
101050,,C0012, Electronics ,NoiseCancel Headphones,22342.0,1,Paid,22342.0,0.0,22342.0
101129,2023-12-14,C0001,Electronics,TV Pro,932.28,1,Paid,932.28,0.0,932.28
100697,,C0001,Electronics,TV Pro,1320.84,2,Paid,2641.68,0.0,2641.68
100657,2023-12-05,C0001, Smart Home ,NordPlug,31.03,1,Failed,31.03,0.0,31.03
100406,2023-11-29,C0143,Electronics,Tablet A,349.95,1,Paid,349.95,0.0,349.95
100736,2023-12-06,C0002,Smart Home,NordTherm,8529.0,1,Paid,8529.0,0.0,8529.0
100531,,C0004,Accessories,Wireless Mouse,23.82,1,Paid,23.82,0.0,23.82
101090,,C0002,Smart Home,NordLock Pro,219.32,1,Paid,219.32,0.0,219.32
100602,2023-12-04,C0007,Electronics ,Tablet A,52946.0,1,Paid,52946.0,0.0,52946.0
100211,2023-11-23,C0005, Electronics ,Smartphone Z,988.0,1,Paid,988.0,0.0,988.0
100388,,C0001,Electronics,Tablet A,599.27,2,Paid,1198.54,0.0,1198.54
101158,2023-12-04,C0040,Accessories,USB-C Cable,13.0,3,Paid,39.0,0.0,39.0
100711,2023-12-06,C0010, Accessories,Wireless Mouse,2911.0,1,Paid,2911.0,0.0,2911.0
100848,2023-12-09,C0007, Accessories,Accessory Bundle,83.0,2,Paid,166.0,0.0,166.0
100263,2023-11-25,C0001,Electronics ,Smartphone Z,74002.0,1,Paid,74002.0,0.0,74002.0
100305,2023-11-26,C0160, Accessories,Charger,17.05,3,Paid,51.150000000000006,0.0,51.150000000000006
100283,,C0003,Electronics,NoiseCancel Headphones,343.43,1,Paid,343.43,0.0,343.43
100997,,C0001, Electronics ,Smartphone Z,70688.0,1,Paid,70688.0,0.0,70688.0
101119,,C0064,Smart Home,NordLock Pro,188.97,2,Paid,377.94,0.0,377.94
100465,,C0081,Accessories,Accessory Bundle,62.27,1,Paid,62.27,0.0,62.27
100340,,C0059,Accessories,Accessory Bundle,26.09,2,Paid,52.18,0.0,52.18
100337,2023-11-27,C0009, Accessories ,Screen Protector,638.0,1,Pending,638.0,0.0,638.0
100156,2023-11-21,C0003, Electronics ,TV Pro,1131.22,1,Failed,1131.22,0.0,1131.22
100513,2023-12-01,C0001,Smart Home,NordPlug,18.39,1,Paid,18.39,0.0,18.39
100808,,C0028, Smart Home ,NordLock Pro,19367.0,1,Paid,19367.0,0.0,19367.0
100646,2023-12-04,C0102, Accessories,USB-C Cable,1898.0,1,Paid,1898.0,0.0,1898.0
100540,,C0035,Electronics,TV Pro,978.66,1,Paid,978.66,0.0,978.66
100074,2023-11-18,C0129,Smart Home,NordLock Pro,227.1,1,Paid,227.1,0.0,227.1
100044,2023-11-16,C0003,Electronics,NoiseCancel Headphones,207.57,1,Paid,207.57,0.0,207.57
101198,2023-12-13,C0013,Accessories,Wireless Mouse,26.47,2,Paid,52.94,0.0,52.94
100776,2023-12-07,C0093,Accessories,Screen Protector,10.13,3,Paid,30.39,0.0,30.39
100801,,C0318,Accessories,Phone Case,30.35,4,Paid,121.4,0.0,121.4
100627,2023-12-04,C0022, Accessories,Screen Protector,8.38,1,Paid,8.38,0.0,8.38
100795,2023-12-07,C0002, Accessories,USB-C Cable,983.0,1,Paid,983.0,0.0,983.0
100569,2023-12-03,C0001,Accessories,Charger,28.0,1,Paid,28.0,0.0,28.0
100254,2023-11-24,C0084,Electronics,Smartphone Z,906.32,1,Paid,906.32,0.0,906.32
101003,2023-12-12,C0003,Smart Home,NordLock Pro,217.71,2,Paid,435.42,0.0,435.42
100097,,C0001,Smart Home,NordLock Pro,205.02,1,Paid,205.02,0.0,205.02
100279,,C0002, Electronics ,Tablet A,79192.0,1,Paid,79192.0,0.0,79192.0
100710,2023-12-06,C0181, Electronics ,Laptop X,1439.35,1,Paid,1439.35,0.0,1439.35
100296,2023-11-26,C0028,Electronics ,TV Pro,1020.82,1,Paid,1020.82,0.0,1020.82
100723,2023-12-06,C0020,Accessories,Laptop Sleeve,1559.0,2,Paid,3118.0,0.0,3118.0
100346,2023-11-27,C0001,Smart Home,NordLock Pro,210.9,1,Paid,210.9,0.0,210.9
100655,2023-12-05,C0023,Accessories,Accessory Bundle,5955.0,1,Paid,5955.0,0.0,5955.0
100099,2023-11-19,C0001,Electronics,TV Pro,926.93,1,Paid,926.93,0.0,926.93
100470,2023-11-30,C0200,Smart Home,NordLock Pro,18966.0,1,Paid,18966.0,0.0,18966.0
100504,2023-12-01,C0037,Accessories,Charger,42.66,1,Paid,42.66,0.0,42.66
100075,2023-11-18,C0022,Accessories,Wireless Mouse,4432.0,2,Paid,8864.0,0.0,8864.0
100266,,C0007,Smart Home,NordCam Mini,9460.0,1,Paid,9460.0,0.0,9460.0
101004,,C0030,Accessories,Charger,1980.0,3,Paid,5940.0,0.0,5940.0
100131,,C0004, Accessories ,Screen Protector,12.93,1,Paid,12.93,0.0,12.93
100509,2023-12-01,C0015,Accessories,USB-C Cable,16.14,1,Paid,16.14,0.0,16.14
100064,,C0012, Accessories ,Phone Case,12.0,1,Paid,12.0,0.0,12.0
100012,2023-11-15,C0005,Electronics,Laptop X,1546.0,2,Paid,3092.0,0.0,3092.0
101192,2023-11-25,C0003,Electronics,Smartphone Z,1056.7,1,Paid,1056.7,0.0,1056.7
100356,2023-11-28,C0037,Electronics,Tablet A,55699.0,1,Paid,55699.0,0.0,55699.0
100028,2023-11-16,C0253, Accessories ,Laptop Sleeve,29.42,1,Paid,29.42,0.0,29.42
100923,2023-12-10,C0022,Electronics,Smartphone Z,71115.0,1,Paid,71115.0,0.0,71115.0
100766,,C0034, Electronics ,Tablet A,715.0,1,Paid,715.0,0.0,715.0
100784,2023-12-07,C0019,Accessories,USB-C Cable,19.73,1,Paid,19.73,0.0,19.73
100425,2023-11-29,C0002,Accessories,USB-C Cable,9.35,1,Pending,9.35,0.0,9.35
100025,,C0001,Electronics,TV Pro,92916.0,1,Paid,92916.0,0.0,92916.0
100959,2023-12-11,C0028, Electronics ,TV Pro,1060.75,1,Paid,1060.75,0.0,1060.75
101196,,C0003, Accessories,Laptop Sleeve,36.68,2,Paid,73.36,0.0,73.36
100403,2023-11-29,C0025,Smart Home,NordLock Pro,190.38,1,Paid,190.38,0.0,190.38
100192,2023-11-23,C0003, Accessories ,Wireless Mouse,5645.0,1,Paid,5645.0,0.0,5645.0
100626,,C0001,Electronics,Tablet A,50352.0,1,Failed,50352.0,0.0,50352.0
100651,2023-12-05,C0002,Electronics ,Smartphone Z,966.41,1,Paid,966.41,0.0,966.41
100129,,C0051,Smart Home,NordLock Pro,247.01,1,Paid,247.01,0.0,247.01
100678,2023-12-05,C0033, Smart Home ,NordLock Pro,229.79,1,Paid,229.79,0.0,229.79
101133,,C0042,Electronics,TV Pro,1610.06,1,Paid,1610.06,0.0,1610.06
100169,2023-11-22,C0006,Electronics,NoiseCancel Headphones,33341.0,1,Paid,33341.0,0.0,33341.0
100287,,C0072, Accessories,Charger,17.47,1,Paid,17.47,0.0,17.47
100383,2023-11-28,C0237,Smart Home,NordLock Pro,208.61,2,Paid,417.22,0.0,417.22
100924,2023-12-10,C0087, Accessories,Accessory Bundle,7762.0,2,Paid,15524.0,0.0,15524.0
101102,,C0002,Electronics,NoiseCancel Headphones,22769.0,1,Paid,22769.0,0.0,22769.0
100857,2023-12-09,C0001, Electronics ,NoiseCancel Headphones,150.3,1,Paid,150.3,0.0,150.3
101086,2023-12-14,C0007, Smart Home ,NordLock Pro,220.54,1,Paid,220.54,0.0,220.54
100536,2023-12-02,C0001,Accessories,USB-C Cable,14.0,1,Paid,14.0,0.0,14.0
100015,,C0013,Accessories,Laptop Sleeve,2815.0,1,Paid,2815.0,0.0,2815.0
100420,2023-11-29,C0001,Accessories,Phone Case,1825.0,4,Paid,7300.0,0.0,7300.0
100189,,C0001,Electronics,Laptop X,1507.54,2,Paid,3015.08,0.0,3015.08
101107,,C0003,Electronics,NoiseCancel Headphones,183.96,1,Paid,183.96,0.0,183.96
101024,2023-12-12,C0003,Smart Home,NordLock Pro,226.2,1,Paid,226.2,0.0,226.2
100437,2023-11-30,C0008,Electronics,Tablet A,355.2,1,Paid,355.2,0.0,355.2
101025,,C0120,Accessories,Charger,29.0,1,Paid,29.0,0.0,29.0
100769,,C0050,Electronics,NoiseCancel Headphones,28269.0,1,Paid,28269.0,0.0,28269.0
100375,2023-11-28,C0009, Accessories,Phone Case,3508.0,3,Paid,10524.0,0.0,10524.0
100373,2023-11-28,C0024,Accessories,USB-C Cable,17.66,1,Paid,17.66,0.0,17.66
100591,2023-12-03,C0017, Smart Home ,NordLock Pro,23952.0,1,Paid,23952.0,239.52,23712.48
100675,,C0002,Accessories,Charger,46.6,1,Paid,46.6,0.0,46.6
100417,2023-11-29,C0078,Accessories,Screen Protector,653.0,1,Paid,653.0,0.0,653.0
100195,,C0037,Smart Home,NordLock Pro,18185.0,1,Paid,18185.0,0.0,18185.0
100450,,C0002, Accessories,Screen Protector,11.57,2,Paid,23.14,0.0,23.14
100810,,C0002,Smart Home,NordLock Pro,180.92,1,Paid,180.92,0.0,180.92
100775,2023-12-07,C0001, Accessories,USB-C Cable,1371.0,1,Paid,1371.0,0.0,1371.0
100962,2023-12-11,C0006, Smart Home ,NordLock Pro,190.08,1,Paid,190.08,0.0,190.08
100962,2023-12-11,C0006, Smart Home ,NordLock Pro,190.08,1,Paid,190.08,0.0,190.08
101039,2023-12-12,C0001,Smart Home,NordLock Pro,21918.0,1,Paid,21918.0,0.0,21918.0
100408,,C0005,Accessories,Laptop Sleeve,44.52,3,Paid,133.56,0.0,133.56
100397,,C0007,Smart Home,NordLock Pro,199.29,1,Pending,199.29,0.0,199.29
100615,,C0011,Electronics ,NoiseCancel Headphones,262.06,1,Paid,262.06,0.0,262.06
100963,2023-12-11,C0024,Smart Home,NordLock Pro,206.0,1,Paid,206.0,206.0,0.0
100749,,C0256, Accessories ,Phone Case,1451.0,4,Paid,5804.0,0.0,5804.0
100863,,C0011,Smart Home,NordLock Pro,19218.0,1,Paid,19218.0,0.0,19218.0
100193,,C0010,Electronics,Tablet A,75245.0,1,Paid,75245.0,0.0,75245.0
100150,2023-11-21,C0002, Electronics ,NoiseCancel Headphones,22704.0,1,Paid,22704.0,0.0,22704.0
100688,,C0006,Electronics,Tablet A,64402.0,1,Paid,64402.0,0.0,64402.0
100791,2023-12-07,C0002,Electronics ,Tablet A,636.8,1,Paid,636.8,0.0,636.8
100740,,C0047,Electronics,Smartphone Z,712.48,1,Paid,712.48,0.0,712.48
100300,2023-11-26,C0009, Accessories ,Phone Case,1867.0,3,Paid,5601.0,0.0,5601.0
100708,2023-12-06,C0003,Electronics ,Tablet A,61279.0,1,Paid,61279.0,0.0,61279.0
100950,2023-12-11,C0258,Electronics,NoiseCancel Headphones,20027.0,1,Paid,20027.0,0.0,20027.0
100241,2023-11-24,C0065,Smart Home,NordPlug,32.73,1,Paid,32.73,0.0,32.73
100200,2023-11-23,C0063,Electronics,Tablet A,714.86,1,Paid,714.86,0.0,714.86
100046,2023-11-17,C0009,Electronics,TV Pro,1312.23,1,Paid,1312.23,0.0,1312.23
100713,2023-12-06,C0030, Smart Home ,NordLock Pro,239.0,1,Paid,239.0,239.0,0.0
100588,2023-12-03,C0016, Accessories ,Wireless Mouse,40.0,1,Paid,40.0,0.0,40.0
100138,,C0001, Accessories,Wireless Mouse,5952.0,1,Paid,5952.0,0.0,5952.0
101099,2023-12-14,C0008,Electronics,Laptop X,1431.88,1,Pending,1431.88,0.0,1431.88
100534,2023-12-02,C0018,Accessories,Screen Protector,14.1,1,Paid,14.1,0.0,14.1
100661,2023-12-05,C0029,Smart Home,NordLock Pro,247.0,2,Paid,494.0,0.0,494.0
100781,2023-12-07,C0003,Accessories,Charger,36.62,2,Paid,73.24,0.0,73.24
100665,2023-12-05,C0004,Accessories,Screen Protector,576.0,1,Paid,576.0,0.0,576.0
101120,2023-12-14,C0001,Smart Home,NordLock Pro,226.0,1,Paid,226.0,0.0,226.0
100382,,C0147, Accessories,Charger,3953.0,2,Paid,7906.0,0.0,7906.0
100642,2023-12-04,C0022, Accessories,Phone Case,1939.0,3,Paid,5817.0,0.0,5817.0
101182,2023-11-30,C0303,Accessories,Wireless Mouse,23.0,1,Paid,23.0,0.0,23.0
100449,2023-11-30,C0003,Smart Home,NordLock Pro,239.22,1,Paid,239.22,0.0,239.22
100511,2023-12-01,C0001,Accessories,Laptop Sleeve,4201.0,2,Paid,8402.0,0.0,8402.0
100424,2023-11-29,C0006,Accessories,USB-C Cable,880.0,1,Paid,880.0,0.0,880.0
100007,,C0003,Accessories,Phone Case,28.53,1,Paid,28.53,0.0,28.53
100098,2023-11-19,C0019,Electronics,TV Pro,1266.38,1,Paid,1266.38,0.0,1266.38
100411,2023-11-29,C0065, Electronics ,Tablet A,44032.0,1,Pending,44032.0,0.0,44032.0
100159,2023-11-21,C0012,Electronics,Tablet A,39406.0,1,Paid,39406.0,0.0,39406.0
100919,2023-12-10,C0001,Electronics ,TV Pro,97060.0,1,Paid,97060.0,0.0,97060.0
100653,2023-12-05,C0020,Accessories,Screen Protector,9.37,2,Paid,18.74,0.0,18.74
100033,2023-11-16,C0007,Electronics,Tablet A,615.0,1,Paid,615.0,0.0,615.0
100799,2023-12-08,C0011,Smart Home,NordPlug,2463.0,1,Paid,2463.0,0.0,2463.0
100760,2023-12-07,C0002,Electronics ,Tablet A,52014.0,1,Paid,52014.0,0.0,52014.0
100522,2023-12-02,C0003,Accessories,Charger,3936.0,1,Paid,3936.0,0.0,3936.0
100335,2023-11-27,C0040,Electronics,Smartphone Z,1004.81,1,Paid,1004.81,0.0,1004.81
100491,,C0001,Accessories,Accessory Bundle,45.49,2,Paid,90.98,0.0,90.98
100259,2023-11-24,C0013,Electronics,Smartphone Z,718.54,1,Paid,718.54,0.0,718.54
100172,2023-11-22,C0007, Accessories,Laptop Sleeve,39.84,1,Paid,39.84,0.0,39.84
101108,2023-12-14,C0024, Accessories,Laptop Sleeve,1989.0,4,Pending,7956.0,0.0,7956.0
100548,2023-12-02,C0001, Electronics ,TV Pro,118465.0,1,Paid,118465.0,0.0,118465.0
100237,2023-11-24,C0301, Accessories ,Laptop Sleeve,38.99,1,Paid,38.99,0.0,38.99
100385,2023-11-28,C0015,Accessories,Laptop Sleeve,2400.0,3,Paid,7200.0,0.0,7200.0
100659,2023-12-05,C0008,Accessories,Charger,4001.0,1,Paid,4001.0,0.0,4001.0
100024,2023-11-16,C0002, Accessories,Charger,2501.0,1,Paid,2501.0,0.0,2501.0
101012,2023-12-12,C0001,Electronics,Laptop X,153584.0,1,Failed,153584.0,0.0,153584.0
100885,,C0010, Electronics ,TV Pro,94714.0,1,Paid,94714.0,0.0,94714.0
100546,,C0079,Accessories,USB-C Cable,998.0,1,Paid,998.0,0.0,998.0
100641,,C0015,Accessories,Laptop Sleeve,33.86,3,Paid,101.58,0.0,101.58
100478,2023-11-30,C0003,Electronics,TV Pro,139362.0,1,Paid,139362.0,0.0,139362.0
101178,2023-12-13,C0001, Accessories ,Charger,46.12,2,Paid,92.24,0.0,92.24
100680,2023-12-05,C0001,Electronics,Laptop X,1719.0,1,Paid,1719.0,0.0,1719.0
100830,2023-12-08,C0016, Accessories ,Laptop Sleeve,39.0,1,Paid,39.0,0.0,39.0
100154,,C0014,Accessories,Accessory Bundle,46.0,1,Paid,46.0,0.0,46.0
100123,2023-11-20,C0314, Accessories,Laptop Sleeve,3317.0,1,Paid,3317.0,0.0,3317.0
100698,2023-12-06,C0001,Electronics,TV Pro,1205.0,1,Paid,1205.0,0.0,1205.0
100121,,C0113,Smart Home,NordPlug,2336.0,2,Paid,4672.0,0.0,4672.0
100904,,C0149,Electronics ,TV Pro,1184.42,1,Paid,1184.42,0.0,1184.42
100464,2023-11-30,C0001,Accessories,Laptop Sleeve,20.0,2,Paid,40.0,0.0,40.0
101121,,C0067,Electronics,TV Pro,92865.0,1,Paid,92865.0,0.0,92865.0
100628,2023-12-04,C0187, Accessories ,Wireless Mouse,1996.0,1,Paid,1996.0,0.0,1996.0
101075,2023-12-13,C0002,Smart Home,NordCam Mini,6213.0,1,Paid,6213.0,0.0,6213.0
100985,2023-12-11,C0086,Electronics,Tablet A,78357.0,1,Paid,78357.0,0.0,78357.0
100520,2023-12-02,C0021,Accessories,USB-C Cable,10.0,1,Paid,10.0,0.0,10.0
100951,,C0054, Accessories,Accessory Bundle,9687.0,2,Paid,19374.0,0.0,19374.0
100966,2023-12-11,C0035, Accessories,Phone Case,1630.0,1,Paid,1630.0,0.0,1630.0
101177,2023-11-28,C0037,Electronics,Tablet A,55699.0,1,Paid,55699.0,0.0,55699.0
100587,2023-12-03,C0001,Accessories,Screen Protector,10.14,2,Paid,20.28,0.0,20.28
101046,,C0273, Accessories ,Charger,3408.0,1,Paid,3408.0,0.0,3408.0
100787,2023-12-07,C0003,Electronics,NoiseCancel Headphones,27302.0,1,Pending,27302.0,0.0,27302.0
100523,2023-12-02,C0025, Electronics ,Smartphone Z,940.92,1,Paid,940.92,0.0,940.92
100358,2023-11-28,C0001, Accessories,Wireless Mouse,56.52,1,Paid,56.52,0.0,56.52
100949,,C0046, Smart Home ,NordLock Pro,204.69,1,Paid,204.69,0.0,204.69
101041,,C0002, Smart Home ,NordLock Pro,219.45,1,Paid,219.45,0.0,219.45
100151,2023-11-21,C0002,Electronics ,Smartphone Z,75221.0,1,Paid,75221.0,0.0,75221.0
100529,2023-12-02,C0017,Electronics,Tablet A,326.0,1,Paid,326.0,0.0,326.0
100181,2023-11-22,C0001,Electronics ,NoiseCancel Headphones,185.9,1,Pending,185.9,0.0,185.9
100292,2023-11-25,C0082,Electronics,NoiseCancel Headphones,25819.0,2,Paid,51638.0,0.0,51638.0
100650,2023-12-05,C0054,Smart Home,NordLock Pro,213.11,1,Paid,213.11,213.11,0.0
100867,2023-12-09,C0029, Smart Home ,NordLock Pro,20905.0,1,Paid,20905.0,0.0,20905.0
100175,2023-11-22,C0002, Accessories ,Laptop Sleeve,2774.0,1,Paid,2774.0,0.0,2774.0
100743,2023-12-07,C0097,Accessories,Laptop Sleeve,20.81,1,Paid,20.81,0.0,20.81
100258,2023-11-24,C0099,Smart Home,NordLock Pro,21474.0,1,Paid,21474.0,0.0,21474.0
100862,2023-12-09,C0003,Accessories,USB-C Cable,1787.0,1,Paid,1787.0,0.0,1787.0
100022,2023-11-16,C0003,Electronics ,NoiseCancel Headphones,17657.0,1,Paid,17657.0,0.0,17657.0
101013,2023-12-12,C0001, Accessories ,USB-C Cable,13.0,3,Paid,39.0,0.0,39.0
101149,,C0009,Smart Home,NordTherm,106.57,1,Failed,106.57,0.0,106.57
100783,2023-12-07,C0211,Smart Home,NordLock Pro,18360.0,1,Pending,18360.0,0.0,18360.0
100482,,C0007,Electronics,NoiseCancel Headphones,17613.0,1,Paid,17613.0,0.0,17613.0
100475,2023-11-30,C0222,Electronics,NoiseCancel Headphones,25473.0,1,Paid,25473.0,0.0,25473.0
100804,2023-12-08,C0006, Accessories ,Laptop Sleeve,2983.0,3,Paid,8949.0,0.0,8949.0
100119,2023-11-19,C0001,Accessories,Accessory Bundle,27.0,2,Paid,54.0,0.0,54.0
100179,2023-11-22,C0004,Electronics,Laptop X,1755.32,2,Paid,3510.64,0.0,3510.64
101159,2023-12-12,C0003,Electronics,NoiseCancel Headphones,30813.0,1,Paid,30813.0,0.0,30813.0
100338,,C0003,Electronics,NoiseCancel Headphones,32106.0,1,Paid,32106.0,0.0,32106.0
101019,,C0002, Accessories,Accessory Bundle,75.0,2,Paid,150.0,0.0,150.0
100298,2023-11-26,C0006,Electronics ,NoiseCancel Headphones,236.41,1,Paid,236.41,0.0,236.41
101200,2023-12-11,C0024,Smart Home,NordLock Pro,206.0,1,Paid,206.0,0.0,206.0
101118,2023-12-14,C0001,Accessories,Accessory Bundle,7876.0,2,Paid,15752.0,0.0,15752.0
100110,2023-11-19,C0001,Electronics,Smartphone Z,100722.0,1,Paid,100722.0,0.0,100722.0
100414,2023-11-29,C0001,Accessories,Screen Protector,8.16,3,Paid,24.48,0.0,24.48
101111,2023-12-14,C0002, Smart Home ,NordLock Pro,227.0,1,Paid,227.0,0.0,227.0
100543,,C0270,Smart Home,NordLock Pro,19015.0,1,Paid,19015.0,0.0,19015.0
100888,2023-12-09,C0001,Electronics ,Smartphone Z,89704.0,1,Paid,89704.0,0.0,89704.0
100306,2023-11-26,C0012,Smart Home,NordCam Mini,75.0,2,Paid,150.0,0.0,150.0
100968,2023-12-11,C0106,Electronics,Laptop X,1406.83,1,Paid,1406.83,0.0,1406.83
100921,,C0002,Smart Home,NordPlug,16.05,1,Paid,16.05,0.0,16.05
100021,2023-11-15,C0006,Smart Home,NordTherm,138.07,1,Paid,138.07,0.0,138.07
100981,,C0014,Electronics,Tablet A,543.89,1,Paid,543.89,0.0,543.89
100671,2023-12-05,C0010,Smart Home,NordLock Pro,228.29,1,Paid,228.29,0.0,228.29
101130,,C0002, Accessories,Laptop Sleeve,19.0,1,Paid,19.0,0.0,19.0
100102,2023-11-19,C0010, Accessories ,Laptop Sleeve,2431.0,1,Paid,2431.0,0.0,2431.0
100140,2023-11-21,C0199,Smart Home,NordLock Pro,22211.0,1,Paid,22211.0,222.11,21988.89
100922,,C0053,Accessories,Charger,35.94,3,Paid,107.82,0.0,107.82
100553,2023-12-02,C0019, Smart Home ,NordLock Pro,188.09,1,Paid,188.09,0.0,188.09
100394,,C0016,Electronics,TV Pro,125668.0,1,Paid,125668.0,0.0,125668.0
100461,2023-11-30,C0076, Electronics ,Smartphone Z,989.24,2,Paid,1978.48,0.0,1978.48
100856,2023-12-09,C0001,Accessories,Accessory Bundle,40.96,1,Paid,40.96,0.0,40.96
100720,2023-12-06,C0002, Smart Home ,NordLock Pro,208.0,1,Failed,208.0,0.0,208.0
100206,2023-11-23,C0002, Electronics ,Laptop X,1577.0,1,Paid,1577.0,0.0,1577.0
100912,,C0001,Electronics,Tablet A,342.14,1,Paid,342.14,0.0,342.14
100589,,C0320,Accessories,USB-C Cable,1234.0,1,Paid,1234.0,0.0,1234.0
100038,2023-11-16,C0002, Accessories,Phone Case,12.88,2,Paid,25.76,0.0,25.76
101017,,C0002, Accessories,Laptop Sleeve,21.14,1,Failed,21.14,0.0,21.14
100361,,C0004, Smart Home ,NordLock Pro,24671.0,1,Paid,24671.0,0.0,24671.0
101069,2023-12-13,C0004,Accessories,Accessory Bundle,8241.0,1,Paid,8241.0,0.0,8241.0
100574,2023-12-03,C0071,Electronics ,Smartphone Z,819.94,1,Paid,819.94,0.0,819.94
100596,2023-12-04,C0158, Accessories,Charger,19.56,1,Paid,19.56,0.0,19.56
100125,,C0001, Accessories ,Accessory Bundle,5250.0,2,Paid,10500.0,0.0,10500.0
100624,2023-12-04,C0001,Smart Home,NordCam Mini,91.0,1,Paid,91.0,0.0,91.0
100396,,C0296,Accessories,Accessory Bundle,5201.0,2,Paid,10402.0,0.0,10402.0
100897,,C0110,Smart Home,NordLock Pro,245.24,1,Paid,245.24,0.0,245.24
100185,,C0001, Smart Home ,NordTherm,127.55,1,Paid,127.55,0.0,127.55
100056,,C0014,Accessories,Charger,1588.0,3,Paid,4764.0,0.0,4764.0
100882,2023-12-09,C0003,Electronics,TV Pro,1195.36,1,Paid,1195.36,0.0,1195.36
101027,2023-12-12,C0001,Smart Home,NordLock Pro,244.0,1,Paid,244.0,0.0,244.0
101112,,C0001, Accessories,Laptop Sleeve,23.93,1,Paid,23.93,0.0,23.93
100166,2023-11-22,C0203, Accessories,USB-C Cable,16.3,3,Paid,48.900000000000006,0.0,48.900000000000006
101014,,C0291,Smart Home,NordLock Pro,200.0,2,Paid,400.0,0.0,400.0
100116,2023-11-19,C0009,Electronics ,Smartphone Z,106543.0,1,Paid,106543.0,0.0,106543.0
100311,2023-11-26,C0191,Electronics,NoiseCancel Headphones,318.0,1,Paid,318.0,0.0,318.0
100909,2023-12-10,C0080, Electronics ,TV Pro,135585.0,1,Paid,135585.0,0.0,135585.0
100476,2023-11-30,C0016,Smart Home,NordLock Pro,22328.0,1,Paid,22328.0,0.0,22328.0
100421,2023-11-29,C0003, Accessories,Screen Protector,1439.0,1,Paid,1439.0,0.0,1439.0
100199,,C0003,Electronics ,NoiseCancel Headphones,234.0,1,Paid,234.0,0.0,234.0
100555,2023-12-02,C0038,Electronics ,NoiseCancel Headphones,24691.0,1,Paid,24691.0,0.0,24691.0
101174,2023-11-29,C0008,Accessories,Screen Protector,8.41,3,Paid,25.23,25.23,0.0
100219,2023-11-23,C0249,Electronics,Smartphone Z,903.0,1,Paid,903.0,0.0,903.0
100212,2023-11-23,C0014, Accessories,Screen Protector,6.11,2,Paid,12.22,0.0,12.22
100635,,C0003, Electronics ,Laptop X,1648.66,1,Paid,1648.66,0.0,1648.66
100840,2023-12-08,C0004, Accessories ,Wireless Mouse,18.18,1,Paid,18.18,0.0,18.18
100727,2023-12-06,C0050,Electronics,Laptop X,1588.34,1,Paid,1588.34,1588.34,0.0
100055,2023-11-17,C0002,Accessories,Accessory Bundle,9478.0,1,Pending,9478.0,0.0,9478.0
100532,,C0078,Smart Home,NordLock Pro,185.66,2,Failed,371.32,0.0,371.32
100815,2023-12-08,C0282,Smart Home,NordLock Pro,210.2,1,Paid,210.2,210.2,0.0
100649,2023-12-05,C0300, Accessories ,Phone Case,16.63,1,Paid,16.63,0.0,16.63
100908,2023-12-10,C0021, Accessories,Phone Case,17.63,1,Paid,17.63,0.0,17.63
100571,2023-12-03,C0023,Electronics,Tablet A,370.25,2,Paid,740.5,0.0,740.5
100927,2023-12-10,C0062, Accessories ,Wireless Mouse,32.09,1,Paid,32.09,0.0,32.09
100330,2023-11-27,C0006,Smart Home,NordLock Pro,180.97,1,Paid,180.97,0.0,180.97
100493,2023-12-01,C0260,Accessories,Charger,3646.0,2,Paid,7292.0,0.0,7292.0
100691,,C0003,Electronics ,Smartphone Z,901.62,1,Paid,901.62,0.0,901.62
100751,,C0001,Accessories,Phone Case,1303.0,1,Paid,1303.0,0.0,1303.0
100832,,C0051,Accessories,Accessory Bundle,40.78,1,Paid,40.78,0.0,40.78
100148,2023-11-21,C0001,Electronics,Smartphone Z,935.86,1,Pending,935.86,0.0,935.86
100255,2023-11-24,C0034,Electronics ,NoiseCancel Headphones,26494.0,1,Paid,26494.0,0.0,26494.0
100829,2023-12-08,C0013,Smart Home,NordLock Pro,20914.0,1,Paid,20914.0,0.0,20914.0
100566,2023-12-03,C0064,Electronics,Laptop X,1695.77,1,Paid,1695.77,0.0,1695.77
100393,2023-11-28,C0238,Electronics ,TV Pro,133877.0,1,Paid,133877.0,0.0,133877.0
100836,2023-12-08,C0181,Smart Home,NordCam Mini,5395.0,1,Paid,5395.0,0.0,5395.0
101051,2023-12-13,C0002,Electronics,Laptop X,1696.76,1,Paid,1696.76,0.0,1696.76
100231,,C0001, Electronics ,NoiseCancel Headphones,18217.0,2,Paid,36434.0,0.0,36434.0
100147,2023-11-21,C0006,Electronics,TV Pro,1399.86,1,Paid,1399.86,0.0,1399.86
101153,2023-11-30,C0004,Electronics,NoiseCancel Headphones,31619.0,1,Paid,31619.0,0.0,31619.0
100168,2023-11-22,C0021, Accessories,USB-C Cable,778.0,1,Paid,778.0,0.0,778.0
101185,2023-11-25,C0033, Electronics ,Smartphone Z,948.32,1,Paid,948.32,0.0,948.32
100902,2023-12-10,C0004,Electronics,Smartphone Z,1084.69,1,Paid,1084.69,0.0,1084.69
100599,2023-12-04,C0001,Electronics,NoiseCancel Headphones,308.58,1,Paid,308.58,308.58,0.0
101055,2023-12-13,C0002,Smart Home,NordLock Pro,24613.0,1,Paid,24613.0,0.0,24613.0
101011,,C0002,Electronics ,TV Pro,1098.61,1,Paid,1098.61,0.0,1098.61
100557,2023-12-03,C0003,Electronics,NoiseCancel Headphones,186.46,1,Paid,186.46,186.46,0.0
100687,,C0006, Accessories ,Laptop Sleeve,3329.0,2,Paid,6658.0,0.0,6658.0
100302,,C0057,Smart Home,NordCam Mini,96.99,1,Failed,96.99,0.0,96.99
100400,,C0003, Accessories,Laptop Sleeve,36.68,2,Paid,73.36,0.0,73.36
100664,,C0012, Accessories ,Charger,47.42,1,Paid,47.42,0.0,47.42
100817,,C0002,Accessories,Phone Case,16.73,2,Paid,33.46,0.0,33.46
100652,2023-12-05,C0011,Electronics,Tablet A,31493.0,1,Paid,31493.0,0.0,31493.0
100163,2023-11-22,C0004,Accessories,Screen Protector,10.08,2,Paid,20.16,0.0,20.16
100469,2023-11-30,C0001, Electronics ,NoiseCancel Headphones,260.09,1,Paid,260.09,0.0,260.09
100762,2023-12-07,C0009,Electronics,NoiseCancel Headphones,22504.0,1,Paid,22504.0,0.0,22504.0
100598,2023-12-04,C0070, Accessories,Wireless Mouse,2202.0,1,Paid,2202.0,0.0,2202.0
101044,,C0001,Smart Home,NordLock Pro,18580.0,1,Paid,18580.0,0.0,18580.0
100348,,C0220, Accessories ,Phone Case,3101.0,4,Paid,12404.0,0.0,12404.0
100572,,C0002,Smart Home,NordLock Pro,19226.0,1,Paid,19226.0,0.0,19226.0
100281,2023-11-25,C0017,Smart Home,NordCam Mini,9110.0,1,Paid,9110.0,0.0,9110.0
100899,2023-12-10,C0001, Accessories,USB-C Cable,8.25,1,Paid,8.25,0.0,8.25
101070,,C0023,Smart Home,NordLock Pro,216.4,1,Paid,216.4,0.0,216.4
100716,,C0036,Accessories,Charger,4454.0,4,Paid,17816.0,0.0,17816.0
100010,2023-11-15,C0001,Accessories,Charger,3257.0,3,Paid,9771.0,0.0,9771.0
100764,2023-12-07,C0006, Electronics ,Smartphone Z,99804.0,1,Paid,99804.0,0.0,99804.0
100271,2023-11-25,C0008,Electronics,Laptop X,1718.34,1,Paid,1718.34,0.0,1718.34
100984,,C0124,Electronics,NoiseCancel Headphones,24773.0,1,Paid,24773.0,0.0,24773.0
100495,2023-12-01,C0004,Electronics ,Smartphone Z,795.93,1,Paid,795.93,0.0,795.93
101022,2023-12-12,C0076,Electronics,Tablet A,56536.0,1,Paid,56536.0,0.0,56536.0
100286,2023-11-25,C0007,Electronics ,Tablet A,732.66,1,Paid,732.66,0.0,732.66
100542,2023-12-02,C0077,Accessories,Laptop Sleeve,4110.0,1,Pending,4110.0,0.0,4110.0
100977,2023-12-11,C0017,Smart Home,NordLock Pro,183.0,1,Paid,183.0,0.0,183.0
100445,2023-11-30,C0001,Accessories,Accessory Bundle,3498.0,1,Paid,3498.0,0.0,3498.0
101180,,C0015,Accessories,Laptop Sleeve,33.86,3,Paid,101.58,0.0,101.58
100933,2023-12-11,C0003, Accessories,Laptop Sleeve,41.18,3,Paid,123.53999999999999,0.0,123.53999999999999
101073,2023-12-13,C0015,Smart Home,NordLock Pro,21413.0,1,Paid,21413.0,0.0,21413.0
100100,2023-11-19,C0143, Accessories,Charger,21.14,1,Paid,21.14,0.0,21.14
100847,2023-12-09,C0136, Accessories,Laptop Sleeve,43.74,1,Paid,43.74,0.0,43.74
100496,2023-12-01,C0032,Electronics,NoiseCancel Headphones,282.0,1,Paid,282.0,0.0,282.0
100433,2023-11-29,C0027,Electronics,NoiseCancel Headphones,306.26,1,Paid,306.26,0.0,306.26
100143,,C0002,Accessories,USB-C Cable,7.06,1,Paid,7.06,0.0,7.06
101134,2023-12-14,C0002, Smart Home ,NordLock Pro,20059.0,2,Paid,40118.0,0.0,40118.0
101197,2023-11-24,C0065,Smart Home,NordPlug,32.73,1,Paid,32.73,0.0,32.73
100167,2023-11-22,C0001,Electronics,Tablet A,49907.0,1,Paid,49907.0,0.0,49907.0
100162,2023-11-22,C0081,Electronics,TV Pro,1615.87,1,Paid,1615.87,0.0,1615.87
100643,2023-12-04,C0005,Smart Home,NordLock Pro,24497.0,1,Paid,24497.0,0.0,24497.0
100137,,C0001,Electronics ,NoiseCancel Headphones,260.84,2,Paid,521.68,0.0,521.68
100878,,C0001, Accessories,Laptop Sleeve,3699.0,1,Paid,3699.0,0.0,3699.0
100017,2023-11-15,C0003, Accessories,Charger,2691.0,1,Paid,2691.0,0.0,2691.0
100114,2023-11-19,C0148,Electronics,Tablet A,45781.0,1,Paid,45781.0,0.0,45781.0
100008,,C0001, Accessories ,Charger,36.45,3,Paid,109.35000000000001,0.0,109.35000000000001
100196,2023-11-23,C0001,Electronics,Smartphone Z,101616.0,1,Paid,101616.0,0.0,101616.0
100866,2023-12-09,C0102,Electronics,NoiseCancel Headphones,23349.0,1,Paid,23349.0,0.0,23349.0
100174,2023-11-22,C0001,Smart Home,NordLock Pro,21547.0,1,Paid,21547.0,0.0,21547.0
100447,2023-11-30,C0001,Accessories,Accessory Bundle,60.0,1,Paid,60.0,0.0,60.0
100101,2023-11-19,C0001,Accessories,Accessory Bundle,4917.0,1,Paid,4917.0,0.0,4917.0
101092,,C0244,Smart Home,NordTherm,8317.0,1,Paid,8317.0,0.0,8317.0
100580,,C0092,Accessories,Screen Protector,707.0,2,Paid,1414.0,0.0,1414.0
100474,,C0002,Accessories,Charger,1737.0,2,Paid,3474.0,0.0,3474.0
100205,2023-11-23,C0024,Electronics,Laptop X,1339.22,1,Paid,1339.22,0.0,1339.22
100581,2023-12-03,C0027,Electronics,NoiseCancel Headphones,34889.0,2,Paid,69778.0,0.0,69778.0
100157,2023-11-21,C0027,Electronics,Smartphone Z,787.19,2,Paid,1574.38,0.0,1574.38
100894,,C0002, Smart Home ,NordLock Pro,22102.0,1,Paid,22102.0,0.0,22102.0
101040,2023-12-12,C0015, Smart Home ,NordLock Pro,19556.0,1,Paid,19556.0,0.0,19556.0
100486,2023-12-01,C0007, Smart Home ,NordLock Pro,237.0,2,Paid,474.0,0.0,474.0
100645,2023-12-04,C0076,Smart Home,NordLock Pro,200.03,1,Paid,200.03,200.03,0.0
101140,,C0042,Smart Home,NordLock Pro,22367.0,2,Paid,44734.0,0.0,44734.0
100712,2023-12-06,C0007, Accessories,Phone Case,1650.0,3,Paid,4950.0,0.0,4950.0
100928,2023-12-10,C0002,Smart Home,NordCam Mini,59.35,1,Paid,59.35,0.0,59.35
101006,2023-12-12,C0187,Electronics,Tablet A,661.51,1,Paid,661.51,0.0,661.51
100004,2023-11-15,C0019, Accessories,Phone Case,36.72,1,Paid,36.72,36.72,0.0
100378,,C0229, Accessories ,Charger,16.51,1,Paid,16.51,0.0,16.51
101021,2023-12-12,C0016,Smart Home,NordLock Pro,18228.0,1,Paid,18228.0,0.0,18228.0
100359,2023-11-28,C0029,Electronics,TV Pro,1552.56,1,Paid,1552.56,0.0,1552.56
100429,,C0001,Accessories,Laptop Sleeve,26.0,1,Paid,26.0,0.0,26.0
100277,2023-11-25,C0008,Electronics,NoiseCancel Headphones,172.79,1,Paid,172.79,0.0,172.79
100267,2023-11-25,C0182,Smart Home,NordLock Pro,220.58,1,Paid,220.58,0.0,220.58
100860,2023-12-09,C0009,Accessories,USB-C Cable,749.0,1,Paid,749.0,0.0,749.0
100943,,C0115,Accessories,Charger,15.61,1,Paid,15.61,0.0,15.61
100230,,C0003,Smart Home,NordPlug,3079.0,1,Paid,3079.0,0.0,3079.0
101038,,C0002,Electronics,Laptop X,167410.0,1,Paid,167410.0,0.0,167410.0
100719,2023-12-06,C0007,Electronics,NoiseCancel Headphones,22464.0,1,Paid,22464.0,0.0,22464.0
101009,2023-12-12,C0001,Electronics ,NoiseCancel Headphones,25544.0,1,Pending,25544.0,0.0,25544.0
100446,2023-11-30,C0026, Smart Home ,NordLock Pro,21940.0,1,Paid,21940.0,0.0,21940.0
100761,2023-12-07,C0120,Accessories,Charger,4962.0,3,Paid,14886.0,0.0,14886.0
100374,2023-11-28,C0001,Electronics,Tablet A,798.57,1,Paid,798.57,798.57,0.0
100826,,C0001,Smart Home,NordLock Pro,188.48,1,Paid,188.48,0.0,188.48
100695,,C0260,Electronics,Laptop X,159569.0,1,Paid,159569.0,0.0,159569.0
100870,2023-12-09,C0005,Smart Home,NordLock Pro,18098.0,1,Paid,18098.0,0.0,18098.0
100117,,C0001, Electronics ,Laptop X,1769.87,1,Pending,1769.87,0.0,1769.87
100223,2023-11-24,C0114, Accessories,Laptop Sleeve,15.24,1,Paid,15.24,0.0,15.24
100459,2023-11-30,C0004, Accessories,Phone Case,13.42,1,Paid,13.42,0.0,13.42
100618,2023-12-04,C0218,Accessories,Wireless Mouse,24.87,2,Paid,49.74,0.0,49.74
101193,2023-12-12,C0187,Electronics,Tablet A,661.51,1,Paid,661.51,11.14,650.37
100201,2023-11-23,C0030,Accessories,Phone Case,3625.0,1,Paid,3625.0,0.0,3625.0
100550,2023-12-02,C0016,Accessories,Wireless Mouse,40.97,1,Paid,40.97,0.0,40.97
100654,2023-12-05,C0019,Electronics,Tablet A,466.0,1,Paid,466.0,0.0,466.0
100343,,C0060,Accessories,USB-C Cable,20.0,4,Paid,80.0,0.0,80.0
101083,,C0024,Accessories,USB-C Cable,7.31,2,Paid,14.62,0.0,14.62
100632,2023-12-04,C0021,Electronics,Tablet A,331.45,1,Paid,331.45,0.0,331.45
100006,2023-11-15,C0065,Electronics,Tablet A,72862.0,1,Paid,72862.0,0.0,72862.0
100109,,C0001, Electronics ,NoiseCancel Headphones,17417.0,1,Paid,17417.0,0.0,17417.0
100502,,C0038, Accessories ,Accessory Bundle,55.24,3,Paid,165.72,0.0,165.72
100392,2023-11-28,C0026,Accessories,Charger,2859.0,1,Paid,2859.0,0.0,2859.0
100942,2023-12-11,C0018,Smart Home,NordLock Pro,22875.0,1,Paid,22875.0,228.75,22646.25
100518,2023-12-02,C0003, Smart Home ,NordTherm,114.81,1,Paid,114.81,0.0,114.81
100480,2023-11-30,C0001,Electronics ,Laptop X,168815.0,1,Paid,168815.0,0.0,168815.0
100800,,C0130, Electronics ,NoiseCancel Headphones,21836.0,1,Paid,21836.0,0.0,21836.0
100035,2023-11-16,C0103,Electronics,Laptop X,1462.0,1,Paid,1462.0,0.0,1462.0
100920,2023-12-10,C0013, Electronics ,Smartphone Z,105291.0,2,Paid,210582.0,0.0,210582.0
100009,,C0001,Electronics,NoiseCancel Headphones,25052.0,1,Paid,25052.0,0.0,25052.0
100790,2023-12-07,C0041,Accessories,Laptop Sleeve,25.0,1,Paid,25.0,0.0,25.0
100527,2023-12-02,C0028,Smart Home,NordLock Pro,21922.0,1,Failed,21922.0,0.0,21922.0
100232,,C0252, Smart Home ,NordLock Pro,249.0,1,Paid,249.0,0.0,249.0
100320,,C0001,Accessories,Laptop Sleeve,41.3,2,Failed,82.6,0.0,82.6
100441,2023-11-30,C0303,Accessories,Wireless Mouse,23.0,1,Paid,23.0,0.0,23.0
100526,,C0010,Smart Home,NordLock Pro,196.94,1,Paid,196.94,0.0,196.94
100625,2023-12-04,C0001,Accessories,Accessory Bundle,7573.0,1,Paid,7573.0,0.0,7573.0
100611,2023-12-04,C0024,Accessories,Phone Case,1055.0,3,Paid,3165.0,0.0,3165.0
100073,2023-11-18,C0001, Smart Home ,NordLock Pro,23039.0,1,Paid,23039.0,0.0,23039.0
100349,,C0044,Electronics,NoiseCancel Headphones,15701.0,2,Paid,31402.0,0.0,31402.0
100973,2023-12-11,C0001,Smart Home,NordLock Pro,186.97,1,Paid,186.97,0.0,186.97
100095,,C0028,Accessories,Phone Case,2774.0,1,Paid,2774.0,0.0,2774.0
100544,2023-12-02,C0001,Accessories,USB-C Cable,15.85,4,Paid,63.4,0.0,63.4
101169,2023-11-30,C0001,Accessories,Wireless Mouse,49.02,1,Paid,49.02,0.0,49.02
100210,,C0002,Electronics,Tablet A,367.82,1,Paid,367.82,0.0,367.82
100176,2023-11-22,C0007,Electronics,NoiseCancel Headphones,163.31,1,Failed,163.31,0.0,163.31
100481,2023-11-30,C0003, Accessories,Laptop Sleeve,22.0,1,Paid,22.0,0.0,22.0
100282,,C0035,Electronics,NoiseCancel Headphones,17684.0,1,Paid,17684.0,0.0,17684.0
100107,2023-11-19,C0001,Accessories,Accessory Bundle,62.22,1,Paid,62.22,0.0,62.22
101005,2023-12-12,C0003,Accessories,Wireless Mouse,5367.0,1,Paid,5367.0,0.0,5367.0
100834,2023-12-08,C0001,Accessories,Charger,3915.0,2,Paid,7830.0,0.0,7830.0
100252,2023-11-24,C0312,Accessories,Charger,26.0,1,Paid,26.0,0.0,26.0
101166,2023-11-17,C0003,Electronics,Tablet A,336.05,2,Paid,672.1,0.0,672.1
100390,2023-11-28,C0002,Accessories,Charger,30.55,2,Paid,61.1,0.0,61.1
100929,2023-12-10,C0083,Accessories,Phone Case,22.44,1,Paid,22.44,0.0,22.44
100939,2023-12-11,C0001, Accessories ,USB-C Cable,11.22,1,Paid,11.22,0.0,11.22
100328,2023-11-27,C0001, Accessories,Phone Case,10.0,3,Paid,30.0,0.0,30.0
100969,2023-12-11,C0006,Accessories,Screen Protector,13.28,1,Paid,13.28,0.0,13.28
100013,,C0261,Accessories,Laptop Sleeve,33.9,2,Paid,67.8,0.0,67.8
101026,2023-12-12,C0001,Electronics,Smartphone Z,82905.0,1,Paid,82905.0,0.0,82905.0
100669,,C0002,Smart Home,NordPlug,3130.0,2,Paid,6260.0,0.0,6260.0
101074,,C0048,Smart Home,NordLock Pro,235.67,1,Paid,235.67,0.0,235.67
100937,,C0076,Electronics ,Smartphone Z,889.83,1,Paid,889.83,0.0,889.83
101076,2023-12-13,C0005,Smart Home,NordLock Pro,187.08,1,Paid,187.08,0.0,187.08
100934,2023-12-11,C0002,Accessories,Charger,3856.0,1,Paid,3856.0,0.0,3856.0
100989,,C0040,Smart Home,NordLock Pro,185.28,2,Paid,370.56,0.0,370.56
100214,,C0002,Smart Home,NordLock Pro,212.69,1,Paid,212.69,0.0,212.69
100217,2023-11-23,C0001,Electronics,Smartphone Z,70671.0,2,Paid,141342.0,0.0,141342.0
100917,2023-12-10,C0007, Electronics ,TV Pro,1563.41,1,Paid,1563.41,0.0,1563.41
100614,2023-12-04,C0002, Accessories,Wireless Mouse,2843.0,1,Paid,2843.0,0.0,2843.0
100823,2023-12-08,C0001,Smart Home,NordLock Pro,22947.0,1,Paid,22947.0,0.0,22947.0
100423,,C0021,Accessories,Screen Protector,14.89,2,Paid,29.78,0.0,29.78
100999,2023-12-12,C0052,Smart Home,NordLock Pro,20741.0,1,Paid,20741.0,0.0,20741.0
100568,2023-12-03,C0083, Smart Home ,NordCam Mini,63.87,1,Paid,63.87,0.0,63.87
100422,,C0001,Electronics,Laptop X,1419.85,1,Paid,1419.85,0.0,1419.85
100069,2023-11-17,C0006,Accessories,Phone Case,34.42,2,Paid,68.84,0.0,68.84
100554,2023-12-02,C0003,Accessories,Accessory Bundle,8479.0,4,Paid,33916.0,0.0,33916.0
100086,,C0001,Electronics,TV Pro,134425.0,1,Paid,134425.0,0.0,134425.0
100247,2023-11-24,C0005,Smart Home,NordLock Pro,229.97,1,Paid,229.97,0.0,229.97
100467,,C0001,Electronics ,Tablet A,35978.0,1,Paid,35978.0,0.0,35978.0
100430,,C0099,Electronics,Smartphone Z,1003.81,2,Paid,2007.62,0.0,2007.62
100418,2023-11-29,C0002,Electronics,Smartphone Z,741.1,1,Paid,741.1,0.0,741.1
100413,2023-11-29,C0094,Electronics,NoiseCancel Headphones,245.0,1,Paid,245.0,0.0,245.0
100647,2023-12-05,C0071,Electronics,Smartphone Z,79655.0,1,Paid,79655.0,0.0,79655.0
100197,,C0001,Electronics,Tablet A,30888.0,1,Paid,30888.0,0.0,30888.0
100226,2023-11-24,C0002, Electronics ,TV Pro,1686.65,1,Paid,1686.65,0.0,1686.65
100729,,C0003,Accessories,Charger,21.85,2,Paid,43.7,0.0,43.7
100285,2023-11-25,C0020,Electronics ,TV Pro,154421.0,1,Paid,154421.0,0.0,154421.0
100660,2023-12-05,C0014,Smart Home,NordCam Mini,89.26,2,Paid,178.52,0.0,178.52
100879,,C0030, Smart Home ,NordLock Pro,202.78,1,Paid,202.78,0.0,202.78
100112,2023-11-19,C0042,Smart Home,NordLock Pro,194.0,1,Paid,194.0,0.0,194.0
100545,2023-12-02,C0032,Electronics,Laptop X,136471.0,1,Paid,136471.0,0.0,136471.0
101123,2023-12-14,C0002,Electronics,TV Pro,1327.0,1,Pending,1327.0,0.0,1327.0
100993,2023-12-12,C0003, Electronics ,Tablet A,654.25,1,Paid,654.25,0.0,654.25
100685,,C0034,Electronics,TV Pro,168374.0,1,Paid,168374.0,0.0,168374.0
100818,2023-12-08,C0033,Electronics,Smartphone Z,900.82,1,Paid,900.82,0.0,900.82
100381,2023-11-28,C0073, Electronics ,Tablet A,56548.0,1,Paid,56548.0,0.0,56548.0
100500,2023-12-01,C0002,Smart Home,NordLock Pro,214.0,1,Paid,214.0,0.0,214.0
101042,,C0001,Smart Home,NordLock Pro,24535.0,1,Paid,24535.0,0.0,24535.0
100926,2023-12-10,C0229,Smart Home,NordTherm,126.44,1,Paid,126.44,0.0,126.44
100780,2023-12-07,C0003, Accessories,Laptop Sleeve,3614.0,2,Paid,7228.0,0.0,7228.0
100291,2023-11-25,C0003,Electronics,Smartphone Z,1056.7,1,Paid,1056.7,0.0,1056.7
100389,2023-11-28,C0001,Smart Home,NordLock Pro,210.88,1,Paid,210.88,0.0,210.88
100360,2023-11-28,C0001,Electronics,TV Pro,1020.44,1,Paid,1020.44,0.0,1020.44
100407,2023-11-29,C0001,Electronics,Laptop X,1506.44,1,Paid,1506.44,0.0,1506.44
100365,2023-11-28,C0023,Electronics,TV Pro,101517.0,1,Paid,101517.0,1015.17,100501.83
100525,,C0001, Electronics ,Smartphone Z,899.0,1,Paid,899.0,0.0,899.0
100575,2023-12-03,C0203, Electronics ,TV Pro,1308.91,1,Paid,1308.91,0.0,1308.91
100683,2023-12-05,C0187,Accessories,Accessory Bundle,8750.0,1,Pending,8750.0,0.0,8750.0
101033,2023-12-12,C0002,Smart Home,NordLock Pro,208.0,2,Paid,416.0,416.0,0.0
100694,2023-12-06,C0002, Electronics ,Tablet A,36200.0,1,Paid,36200.0,0.0,36200.0
100705,,C0083,Smart Home,NordLock Pro,203.62,1,Paid,203.62,0.0,203.62
100702,2023-12-06,C0149,Electronics,NoiseCancel Headphones,203.0,1,Paid,203.0,0.0,203.0
100113,2023-11-19,C0003, Accessories ,Laptop Sleeve,36.03,2,Paid,72.06,0.0,72.06
100103,,C0005, Electronics ,Tablet A,647.19,1,Paid,647.19,0.0,647.19
100415,2023-11-29,C0015,Electronics,NoiseCancel Headphones,327.37,1,Pending,327.37,0.0,327.37
100590,2023-12-03,C0003,Electronics,Laptop X,148881.0,1,Paid,148881.0,0.0,148881.0
100191,2023-11-23,C0062,Electronics,Tablet A,38277.0,1,Paid,38277.0,0.0,38277.0
101137,2023-12-14,C0014, Electronics ,Laptop X,165381.0,1,Paid,165381.0,0.0,165381.0
100957,2023-12-11,C0007, Accessories ,Accessory Bundle,4445.0,1,Paid,4445.0,0.0,4445.0
100741,2023-12-07,C0015, Electronics ,NoiseCancel Headphones,163.13,1,Paid,163.13,0.0,163.13
100053,2023-11-17,C0003,Electronics,NoiseCancel Headphones,26647.0,1,Paid,26647.0,0.0,26647.0
100029,,C0011,Accessories,Screen Protector,860.0,1,Paid,860.0,0.0,860.0
100066,2023-11-17,C0048,Electronics,Laptop X,1460.0,1,Paid,1460.0,0.0,1460.0
100875,2023-12-09,C0016,Electronics,Tablet A,49660.0,1,Paid,49660.0,0.0,49660.0
100246,2023-11-24,C0017,Accessories,Phone Case,3484.0,1,Paid,3484.0,0.0,3484.0
100803,2023-12-08,C0241,Electronics,Tablet A,474.94,1,Paid,474.94,0.0,474.94
101078,,C0006, Accessories ,Charger,2523.0,1,Paid,2523.0,0.0,2523.0
101127,,C0001, Accessories ,Phone Case,2422.0,3,Paid,7266.0,0.0,7266.0
100844,2023-12-08,C0067,Electronics,TV Pro,1183.75,1,Paid,1183.75,0.0,1183.75
100595,2023-12-03,C0023,Electronics ,NoiseCancel Headphones,265.61,1,Paid,265.61,0.0,265.61
100309,2023-11-26,C0002, Accessories,Wireless Mouse,5466.0,4,Paid,21864.0,0.0,21864.0
100903,2023-12-10,C0001,Smart Home,NordLock Pro,228.51,1,Paid,228.51,0.0,228.51
100387,,C0001,Accessories,Phone Case,3944.0,2,Paid,7888.0,0.0,7888.0
100872,,C0003,Electronics,Tablet A,696.0,1,Paid,696.0,0.0,696.0
100355,2023-11-28,C0001,Electronics ,Smartphone Z,917.35,2,Paid,1834.7,0.0,1834.7
101023,2023-12-12,C0001, Accessories,Charger,18.52,1,Paid,18.52,0.0,18.52
100160,2023-11-21,C0001,Accessories,Screen Protector,13.38,1,Paid,13.38,0.0,13.38
100187,2023-11-22,C0245,Accessories,USB-C Cable,737.0,3,Paid,2211.0,0.0,2211.0
100245,2023-11-24,C0041,Electronics,Laptop X,1469.0,1,Paid,1469.0,0.0,1469.0
100076,2023-11-18,C0007,Electronics,Laptop X,1388.82,1,Paid,1388.82,0.0,1388.82
100158,,C0228,Smart Home,NordCam Mini,93.0,1,Paid,93.0,0.0,93.0
100127,,C0064,Accessories,Charger,2116.0,1,Paid,2116.0,0.0,2116.0
100745,,C0004, Accessories ,Screen Protector,10.85,2,Paid,21.7,0.0,21.7
100724,,C0002,Electronics,NoiseCancel Headphones,17237.0,1,Paid,17237.0,0.0,17237.0
100323,2023-11-27,C0006,Accessories,Charger,34.9,1,Paid,34.9,0.0,34.9
100874,2023-12-09,C0001,Electronics,Laptop X,145105.0,1,Paid,145105.0,0.0,145105.0
101054,2023-12-13,C0114,Electronics,Laptop X,1363.58,1,Paid,1363.58,0.0,1363.58
100805,,C0060, Electronics ,TV Pro,1323.1,1,Paid,1323.1,0.0,1323.1
100213,2023-11-23,C0135, Electronics ,Tablet A,522.41,1,Paid,522.41,0.0,522.41
100778,,C0001,Accessories,Laptop Sleeve,2703.0,2,Paid,5406.0,0.0,5406.0
100104,2023-11-19,C0004,Electronics ,Laptop X,1568.65,1,Paid,1568.65,0.0,1568.65
100754,2023-12-07,C0006,Accessories,Charger,3068.0,2,Paid,6136.0,0.0,6136.0
101110,2023-12-14,C0001, Electronics ,Tablet A,386.48,1,Paid,386.48,0.0,386.48
100960,2023-12-11,C0001,Electronics ,TV Pro,969.19,1,Paid,969.19,0.0,969.19
100846,2023-12-09,C0054,Accessories,Laptop Sleeve,4146.0,3,Paid,12438.0,0.0,12438.0
101194,,C0042,Electronics,TV Pro,1610.06,1,Paid,1610.06,0.0,1610.06
100521,,C0002,Smart Home,NordPlug,1697.0,1,Paid,1697.0,0.0,1697.0
101136,2023-12-14,C0007,Electronics,Smartphone Z,107071.0,2,Paid,214142.0,0.0,214142.0
100771,,C0030,Accessories,Laptop Sleeve,20.44,2,Paid,40.88,0.0,40.88
100229,2023-11-24,C0002,Accessories,Phone Case,1091.0,2,Paid,2182.0,0.0,2182.0
100750,2023-12-07,C0003,Smart Home,NordLock Pro,19045.0,2,Paid,38090.0,380.9,37709.1
100876,2023-12-09,C0007, Accessories ,USB-C Cable,16.85,3,Paid,50.550000000000004,0.0,50.550000000000004
100183,,C0094,Smart Home,NordLock Pro,221.01,1,Paid,221.01,0.0,221.01
100975,,C0001, Smart Home ,NordLock Pro,18704.0,1,Failed,18704.0,0.0,18704.0
101016,2023-12-12,C0001,Electronics,TV Pro,1462.11,1,Paid,1462.11,0.0,1462.11
100198,2023-11-23,C0156,Electronics,NoiseCancel Headphones,29685.0,1,Paid,29685.0,0.0,29685.0
100794,,C0038,Electronics,Tablet A,588.66,1,Paid,588.66,0.0,588.66
100670,2023-12-05,C0024,Electronics,NoiseCancel Headphones,250.75,1,Paid,250.75,0.0,250.75
100463,2023-11-30,C0013, Accessories ,USB-C Cable,839.0,1,Paid,839.0,0.0,839.0
100452,,C0072,Electronics,Smartphone Z,983.68,1,Paid,983.68,0.0,983.68
100090,,C0003,Electronics ,Smartphone Z,71775.0,1,Paid,71775.0,0.0,71775.0
101139,,C0044,Electronics,NoiseCancel Headphones,15701.0,2,Paid,31402.0,0.0,31402.0
101096,,C0086,Smart Home,NordCam Mini,8543.0,1,Paid,8543.0,0.0,8543.0
100487,2023-12-01,C0240, Accessories ,Accessory Bundle,2789.0,1,Paid,2789.0,27.89,2761.11
100051,2023-11-17,C0006,Electronics,Tablet A,74000.0,1,Paid,74000.0,0.0,74000.0
100700,2023-12-06,C0001,Electronics,Tablet A,549.96,1,Failed,549.96,0.0,549.96
100854,2023-12-09,C0084, Accessories,Wireless Mouse,26.0,1,Paid,26.0,0.0,26.0
100416,2023-11-29,C0125, Accessories,Laptop Sleeve,39.4,3,Paid,118.19999999999999,0.0,118.19999999999999
100677,,C0207,Electronics,Smartphone Z,73552.0,1,Paid,73552.0,0.0,73552.0
100367,,C0016,Electronics,Tablet A,74002.0,1,Paid,74002.0,0.0,74002.0
100535,,C0001, Smart Home ,NordLock Pro,22039.0,1,Paid,22039.0,0.0,22039.0
100831,,C0042,Electronics,Laptop X,1620.72,1,Paid,1620.72,0.0,1620.72
100235,2023-11-24,C0002,Electronics,Tablet A,386.12,1,Paid,386.12,0.0,386.12
100490,,C0001, Accessories ,Laptop Sleeve,34.29,1,Paid,34.29,0.0,34.29
100681,2023-12-05,C0002,Electronics,Laptop X,1495.01,1,Paid,1495.01,0.0,1495.01
101007,2023-12-12,C0008,Electronics,Tablet A,33254.0,1,Paid,33254.0,0.0,33254.0
100868,2023-12-09,C0002,Smart Home,NordLock Pro,187.0,2,Paid,374.0,374.0,0.0
100582,2023-12-03,C0257,Electronics,Laptop X,1783.31,1,Failed,1783.31,0.0,1783.31
100402,2023-11-29,C0022,Electronics,Laptop X,1456.95,2,Paid,2913.9,0.0,2913.9
100699,,C0057, Accessories,Screen Protector,605.0,1,Paid,605.0,0.0,605.0
100738,,C0138, Accessories,Charger,3463.0,1,Paid,3463.0,0.0,3463.0
100439,2023-11-30,C0001,Smart Home,NordLock Pro,21605.0,1,Paid,21605.0,0.0,21605.0
100528,,C0239, Accessories ,Wireless Mouse,3363.0,2,Paid,6726.0,0.0,6726.0
100995,,C0041, Accessories,Accessory Bundle,9603.0,3,Paid,28809.0,0.0,28809.0
100369,,C0006,Electronics,Laptop X,1403.95,1,Paid,1403.95,0.0,1403.95
100877,2023-12-09,C0002,Smart Home,NordLock Pro,21856.0,1,Paid,21856.0,0.0,21856.0
100718,2023-12-06,C0109, Smart Home ,NordLock Pro,195.57,1,Failed,195.57,0.0,195.57
100864,2023-12-09,C0001,Accessories,Laptop Sleeve,23.0,1,Paid,23.0,0.0,23.0
100152,,C0056,Accessories,Laptop Sleeve,19.03,1,Paid,19.03,0.0,19.03
101171,,C0009,Smart Home,NordTherm,106.57,1,Failed,106.57,0.0,106.57
100133,,C0001, Accessories ,USB-C Cable,18.72,3,Paid,56.16,0.0,56.16
100739,2023-12-07,C0061, Electronics ,Smartphone Z,1073.23,1,Paid,1073.23,0.0,1073.23
100030,2023-11-16,C0027,Accessories,USB-C Cable,7.17,2,Paid,14.34,0.0,14.34
100640,2023-12-04,C0257, Smart Home ,NordLock Pro,22435.0,1,Paid,22435.0,0.0,22435.0
100941,,C0004,Accessories,USB-C Cable,16.0,1,Paid,16.0,0.0,16.0
100239,2023-11-24,C0126,Accessories,USB-C Cable,910.0,1,Paid,910.0,0.0,910.0
100674,2023-12-05,C0002,Electronics,Laptop X,161466.0,1,Paid,161466.0,0.0,161466.0
101170,2023-11-17,C0157,Electronics ,Tablet A,479.0,1,Paid,479.0,0.0,479.0
100774,2023-12-07,C0058, Smart Home ,NordLock Pro,248.12,1,Paid,248.12,0.0,248.12
101010,2023-12-12,C0016, Accessories,Laptop Sleeve,15.7,3,Paid,47.099999999999994,0.0,47.099999999999994
100324,2023-11-27,C0002,Accessories,Screen Protector,12.57,4,Paid,50.28,0.0,50.28
100629,,C0002,Smart Home,NordTherm,11711.0,1,Paid,11711.0,0.0,11711.0
101144,2023-12-03,C0012, Accessories ,Wireless Mouse,5121.0,1,Pending,5121.0,0.0,5121.0
100855,2023-12-09,C0005,Electronics,NoiseCancel Headphones,190.71,1,Paid,190.71,0.0,190.71
100770,,C0001,Accessories,Phone Case,27.76,1,Paid,27.76,0.0,27.76
100746,2023-12-07,C0198,Smart Home,NordLock Pro,23560.0,1,Paid,23560.0,0.0,23560.0
101165,2023-12-11,C0002,Accessories,Charger,3856.0,1,Paid,3856.0,10.75,3845.25
101138,2023-11-28,C0237,Smart Home,NordLock Pro,208.61,2,Paid,417.22,0.0,417.22
100380,,C0031,Electronics,TV Pro,1095.55,1,Paid,1095.55,0.0,1095.55
100559,,C0001, Accessories,Wireless Mouse,35.34,3,Paid,106.02000000000001,0.0,106.02000000000001
100516,2023-12-02,C0003,Accessories,Screen Protector,12.0,2,Paid,24.0,0.0,24.0
100881,2023-12-09,C0267,Smart Home,NordLock Pro,22802.0,1,Paid,22802.0,0.0,22802.0
100952,,C0001, Accessories,USB-C Cable,13.8,2,Paid,27.6,0.0,27.6
101008,,C0004,Smart Home,NordLock Pro,242.09,1,Paid,242.09,0.0,242.09
100748,2023-12-07,C0002,Accessories,Accessory Bundle,84.53,1,Paid,84.53,0.0,84.53
100031,,C0001, Accessories,Charger,4480.0,1,Failed,4480.0,0.0,4480.0
100667,2023-12-05,C0001,Accessories,Laptop Sleeve,2660.0,1,Paid,2660.0,0.0,2660.0
101186,2023-12-12,C0001, Accessories ,USB-C Cable,13.0,3,Paid,39.0,0.0,39.0
100351,2023-11-27,C0002,Electronics,Laptop X,1494.48,1,Paid,1494.48,0.0,1494.48
101172,,C0094,Smart Home,NordLock Pro,221.01,1,Paid,221.01,0.0,221.01
101036,2023-12-12,C0035,Accessories,Laptop Sleeve,28.0,1,Paid,28.0,0.0,28.0
100792,2023-12-07,C0003,Smart Home,NordLock Pro,246.21,1,Paid,246.21,0.0,246.21
100052,,C0003, Accessories,Screen Protector,12.69,1,Paid,12.69,0.0,12.69
100508,2023-12-01,C0001,Smart Home,NordLock Pro,225.99,2,Pending,451.98,0.0,451.98
100037,2023-11-16,C0055,Smart Home,NordLock Pro,22222.0,1,Paid,22222.0,0.0,22222.0
100610,2023-12-04,C0004, Smart Home ,NordPlug,3297.0,2,Paid,6594.0,0.0,6594.0
100079,,C0011, Accessories ,Laptop Sleeve,44.0,1,Paid,44.0,0.0,44.0
100014,2023-11-15,C0115,Accessories,Charger,19.07,1,Paid,19.07,0.0,19.07
100676,2023-12-05,C0025,Electronics,NoiseCancel Headphones,247.0,1,Failed,247.0,0.0,247.0
100059,2023-11-17,C0157,Electronics ,Tablet A,479.0,1,Paid,479.0,0.0,479.0
100576,,C0023,Electronics ,Smartphone Z,976.35,1,Paid,976.35,0.0,976.35
100234,2023-11-24,C0003,Electronics,Tablet A,52574.0,1,Paid,52574.0,0.0,52574.0
100744,2023-12-07,C0001,Smart Home,NordCam Mini,5818.0,1,Failed,5818.0,0.0,5818.0
100479,2023-11-30,C0003,Accessories,Accessory Bundle,92.28,1,Paid,92.28,0.0,92.28
101000,,C0009,Smart Home,NordLock Pro,19158.0,1,Pending,19158.0,0.0,19158.0
100194,2023-11-23,C0055,Electronics,TV Pro,96581.0,1,Pending,96581.0,0.0,96581.0
100405,2023-11-29,C0204,Accessories,Phone Case,24.0,1,Paid,24.0,0.0,24.0
100884,,C0009, Electronics ,TV Pro,1041.39,1,Paid,1041.39,0.0,1041.39
100488,2023-12-01,C0003,Smart Home,NordTherm,10904.0,1,Paid,10904.0,0.0,10904.0
100472,2023-11-30,C0009, Accessories ,Phone Case,26.0,1,Paid,26.0,0.0,26.0
100257,2023-11-24,C0013, Accessories,Accessory Bundle,40.65,3,Paid,121.94999999999999,0.0,121.94999999999999
100895,2023-12-10,C0014,Electronics ,Laptop X,1779.0,1,Paid,1779.0,0.0,1779.0
101091,2023-12-14,C0001,Electronics,NoiseCancel Headphones,158.87,1,Paid,158.87,0.0,158.87
100139,,C0198,Electronics ,Smartphone Z,798.87,1,Paid,798.87,0.0,798.87
100492,,C0025,Electronics,TV Pro,1384.66,1,Paid,1384.66,0.0,1384.66
100579,2023-12-03,C0045, Accessories ,Accessory Bundle,86.12,2,Paid,172.24,0.0,172.24
100707,2023-12-06,C0029, Accessories ,Wireless Mouse,41.44,1,Paid,41.44,0.0,41.44
100849,,C0026,Accessories,Laptop Sleeve,1769.0,1,Paid,1769.0,0.0,1769.0
101179,2023-11-22,C0245,Accessories,USB-C Cable,737.0,3,Paid,2211.0,0.0,2211.0
100001,,C0001, Accessories ,Phone Case,13.56,2,Paid,27.12,0.0,27.12
100227,2023-11-24,C0015,Accessories,Screen Protector,1301.0,3,Paid,3903.0,0.0,3903.0
100250,2023-11-24,C0057, Smart Home ,NordLock Pro,203.53,1,Paid,203.53,0.0,203.53
100890,2023-12-09,C0001,Smart Home,NordPlug,3147.0,1,Paid,3147.0,0.0,3147.0
100706,2023-12-06,C0010,Smart Home,NordLock Pro,181.27,1,Paid,181.27,0.0,181.27
100980,,C0145,Accessories,Screen Protector,513.0,4,Paid,2052.0,0.0,2052.0
101030,,C0005,Electronics,Laptop X,145647.0,1,Paid,145647.0,0.0,145647.0
100284,2023-11-25,C0001,Electronics,Tablet A,671.18,1,Paid,671.18,0.0,671.18
100314,2023-11-26,C0004, Smart Home ,NordCam Mini,87.73,1,Paid,87.73,0.0,87.73
100597,2023-12-04,C0176, Accessories,Phone Case,36.31,1,Paid,36.31,0.0,36.31
100060,,C0048,Accessories,Phone Case,31.47,2,Paid,62.94,0.0,62.94
100048,2023-11-17,C0068,Electronics,Laptop X,1571.0,1,Pending,1571.0,0.0,1571.0
101122,2023-12-14,C0082,Electronics ,Smartphone Z,70068.0,1,Pending,70068.0,0.0,70068.0
101080,,C0158, Accessories ,Accessory Bundle,61.58,1,Paid,61.58,0.0,61.58
100987,,C0028,Smart Home,NordLock Pro,188.0,1,Paid,188.0,0.0,188.0
100970,2023-12-11,C0001, Electronics ,NoiseCancel Headphones,164.02,1,Paid,164.02,0.0,164.02
101157,2023-12-10,C0224, Accessories ,Accessory Bundle,47.39,1,Paid,47.39,0.0,47.39
101145,2023-11-30,C0008,Electronics,Tablet A,355.2,1,Paid,355.2,0.0,355.2
100759,2023-12-07,C0004,Electronics,Smartphone Z,1086.15,2,Paid,2172.3,0.0,2172.3
100979,,C0003,Accessories,Phone Case,13.89,1,Paid,13.89,0.0,13.89
100313,2023-11-26,C0003,Electronics,Smartphone Z,955.3,1,Paid,955.3,0.0,955.3
100092,,C0001, Electronics ,TV Pro,1264.2,1,Paid,1264.2,0.0,1264.2
100722,2023-12-06,C0007, Accessories,USB-C Cable,12.52,4,Paid,50.08,0.0,50.08
100735,2023-12-06,C0001,Electronics,NoiseCancel Headphones,20695.0,1,Paid,20695.0,0.0,20695.0
100812,2023-12-08,C0006,Electronics,Tablet A,470.11,2,Paid,940.22,940.22,0.0
101125,2023-12-14,C0023, Smart Home ,NordLock Pro,226.29,1,Paid,226.29,0.0,226.29
100850,2023-12-09,C0005, Accessories ,Screen Protector,680.0,2,Paid,1360.0,0.0,1360.0
100384,2023-11-28,C0051,Electronics ,Tablet A,770.0,1,Paid,770.0,0.0,770.0
100018,2023-11-15,C0009, Accessories,Wireless Mouse,57.97,1,Paid,57.97,0.0,57.97
100956,,C0014, Electronics ,Tablet A,74370.0,1,Paid,74370.0,0.0,74370.0
101077,2023-12-13,C0001, Accessories ,Charger,46.12,2,Paid,92.24,0.0,92.24
101067,,C0003, Accessories,Charger,26.56,4,Paid,106.24,0.0,106.24
100988,2023-12-11,C0001,Electronics ,Smartphone Z,883.0,1,Paid,883.0,0.0,883.0
101015,,C0001,Smart Home,NordLock Pro,232.09,1,Paid,232.09,0.0,232.09
101161,,C0063,Electronics,Smartphone Z,1077.99,1,Paid,1077.99,0.0,1077.99
101135,,C0004,Smart Home,NordCam Mini,7906.0,2,Pending,15812.0,0.0,15812.0
100126,2023-11-20,C0023,Electronics ,Tablet A,51114.0,1,Paid,51114.0,0.0,51114.0
100512,2023-12-01,C0042,Electronics,TV Pro,1179.0,1,Paid,1179.0,0.0,1179.0
100077,2023-11-18,C0004,Accessories,Wireless Mouse,57.3,1,Paid,57.3,0.0,57.3
100931,,C0049,Electronics,Tablet A,55407.0,1,Paid,55407.0,0.0,55407.0
100142,,C0004,Electronics,Tablet A,59907.0,1,Paid,59907.0,0.0,59907.0
100586,,C0001,Electronics,Smartphone Z,86095.0,1,Failed,86095.0,0.0,86095.0
100819,2023-12-08,C0087,Smart Home,NordPlug,17.09,1,Paid,17.09,0.0,17.09
100788,,C0151,Accessories,USB-C Cable,871.0,2,Paid,1742.0,0.0,1742.0
100556,2023-12-03,C0005,Electronics,Laptop X,1382.75,1,Paid,1382.75,0.0,1382.75
101057,2023-12-13,C0004,Smart Home,NordLock Pro,22376.0,1,Paid,22376.0,223.76,22152.24
100016,2023-11-15,C0023,Electronics,TV Pro,144946.0,1,Paid,144946.0,0.0,144946.0
100436,2023-11-30,C0001,Electronics ,Smartphone Z,759.36,1,Failed,759.36,0.0,759.36
100499,2023-12-01,C0068,Electronics,Tablet A,46135.0,1,Paid,46135.0,0.0,46135.0
100620,,C0013, Accessories ,Charger,30.37,2,Pending,60.74,0.0,60.74
100451,2023-11-30,C0001,Electronics,Laptop X,136947.0,1,Failed,136947.0,0.0,136947.0
100767,2023-12-07,C0028, Accessories,Phone Case,1157.0,4,Paid,4628.0,0.0,4628.0
100036,2023-11-16,C0063,Accessories,Laptop Sleeve,2631.0,1,Pending,2631.0,0.0,2631.0
100948,2023-12-11,C0013,Electronics,Tablet A,635.0,1,Paid,635.0,0.0,635.0
100982,2023-12-11,C0009,Electronics,Tablet A,646.0,1,Paid,646.0,0.0,646.0
100242,2023-11-24,C0276, Smart Home ,NordLock Pro,205.21,1,Paid,205.21,0.0,205.21
100530,2023-12-02,C0005,Accessories,USB-C Cable,18.78,1,Paid,18.78,0.0,18.78
100344,2023-11-27,C0013,Electronics,Tablet A,691.81,1,Paid,691.81,0.0,691.81
100887,,C0001,Accessories,USB-C Cable,14.0,1,Paid,14.0,0.0,14.0
100507,2023-12-01,C0196,Electronics,Tablet A,37691.0,1,Paid,37691.0,0.0,37691.0
101190,2023-11-27,C0001, Accessories ,Phone Case,1221.0,2,Paid,2442.0,0.0,2442.0
100216,2023-11-23,C0006,Smart Home,NordLock Pro,218.7,1,Paid,218.7,0.0,218.7
100209,2023-11-23,C0007, Accessories ,USB-C Cable,13.23,1,Paid,13.23,0.0,13.23
100946,2023-12-11,C0052, Accessories,USB-C Cable,16.38,1,Paid,16.38,0.0,16.38
100065,2023-11-17,C0039,Accessories,Phone Case,30.02,2,Paid,60.04,0.0,60.04
100011,2023-11-15,C0002,Electronics,Laptop X,1491.63,1,Paid,1491.63,0.0,1491.63
100253,2023-11-24,C0294,Accessories,Wireless Mouse,2596.0,1,Paid,2596.0,0.0,2596.0
100604,2023-12-04,C0001,Electronics,Tablet A,327.65,1,Paid,327.65,0.0,327.65
100806,,C0001,Electronics ,NoiseCancel Headphones,333.3,1,Paid,333.3,0.0,333.3
100315,2023-11-26,C0001,Smart Home,NordLock Pro,24746.0,1,Paid,24746.0,247.46,24498.54
100519,,C0001,Accessories,USB-C Cable,935.0,3,Paid,2805.0,0.0,2805.0
100466,2023-11-30,C0002,Electronics,Smartphone Z,91613.0,1,Paid,91613.0,0.0,91613.0
100932,2023-12-11,C0132,Accessories,USB-C Cable,740.0,3,Paid,2220.0,0.0,2220.0
100964,,C0003, Smart Home ,NordLock Pro,227.48,1,Paid,227.48,0.0,227.48
100843,,C0006,Accessories,Accessory Bundle,27.11,1,Paid,27.11,0.0,27.11
100368,2023-11-28,C0029,Smart Home,NordLock Pro,23133.0,1,Paid,23133.0,0.0,23133.0
100146,,C0001,Accessories,Screen Protector,1209.0,1,Paid,1209.0,0.0,1209.0
100363,2023-11-28,C0020,Electronics ,NoiseCancel Headphones,263.87,1,Paid,263.87,0.0,263.87
100631,2023-12-04,C0002,Electronics,NoiseCancel Headphones,328.0,1,Paid,328.0,0.0,328.0
100091,,C0001, Accessories,Laptop Sleeve,1645.0,3,Paid,4935.0,0.0,4935.0
100322,2023-11-27,C0011,Electronics,Laptop X,1704.39,1,Paid,1704.39,0.0,1704.39
100186,,C0041,Electronics,NoiseCancel Headphones,19123.0,1,Paid,19123.0,0.0,19123.0
100925,2023-12-10,C0003, Accessories ,Wireless Mouse,51.07,1,Pending,51.07,0.0,51.07
100869,,C0056,Smart Home,NordLock Pro,19227.0,1,Paid,19227.0,0.0,19227.0
100757,,C0047,Electronics ,NoiseCancel Headphones,22965.0,2,Paid,45930.0,0.0,45930.0
100120,,C0138,Electronics,Tablet A,37499.0,1,Paid,37499.0,0.0,37499.0
101063,2023-12-13,C0037,Accessories,Charger,36.0,4,Paid,144.0,0.0,144.0
100841,,C0016,Smart Home,NordLock Pro,224.32,1,Paid,224.32,0.0,224.32
100494,,C0059,Accessories,Wireless Mouse,4658.0,1,Paid,4658.0,0.0,4658.0
100444,2023-11-30,C0001,Accessories,Wireless Mouse,49.02,1,Paid,49.02,0.0,49.02
100339,,C0002,Smart Home,NordTherm,142.29,2,Paid,284.58,0.0,284.58
101109,2023-12-14,C0183, Smart Home ,NordLock Pro,228.56,1,Paid,228.56,228.56,0.0
100225,2023-11-24,C0240,Accessories,Screen Protector,14.17,2,Paid,28.34,0.0,28.34
100020,2023-11-15,C0001, Electronics ,Laptop X,1645.89,1,Paid,1645.89,0.0,1645.89
101097,,C0276, Accessories ,Phone Case,22.51,1,Paid,22.51,0.0,22.51
100419,,C0002,Electronics,Laptop X,172419.0,1,Paid,172419.0,0.0,172419.0
101100,2023-12-14,C0007, Accessories ,Charger,19.64,1,Paid,19.64,0.0,19.64
100992,,C0001,Accessories,Wireless Mouse,50.82,1,Paid,50.82,0.0,50.82
100386,,C0069,Smart Home,NordPlug,2162.0,1,Paid,2162.0,0.0,2162.0
100930,2023-12-10,C0037,Accessories,Phone Case,3063.0,1,Paid,3063.0,0.0,3063.0
100453,2023-11-30,C0005, Electronics ,NoiseCancel Headphones,247.94,1,Paid,247.94,0.0,247.94
100265,2023-11-25,C0001,Electronics,Tablet A,662.2,1,Paid,662.2,0.0,662.2
101065,2023-12-13,C0001,Smart Home,NordLock Pro,23774.0,1,Paid,23774.0,237.74,23536.26
100161,,C0318,Electronics ,Smartphone Z,852.83,1,Paid,852.83,0.0,852.83
100111,2023-11-19,C0188,Electronics,NoiseCancel Headphones,298.0,1,Paid,298.0,0.0,298.0
100304,,C0008, Electronics ,Laptop X,154542.0,1,Paid,154542.0,0.0,154542.0
100049,,C0003,Accessories,Laptop Sleeve,24.43,1,Paid,24.43,0.0,24.43
100510,,C0001,Accessories,Laptop Sleeve,3016.0,2,Paid,6032.0,0.0,6032.0
100019,2023-11-15,C0034,Smart Home,NordLock Pro,18124.0,2,Paid,36248.0,0.0,36248.0
101068,2023-12-13,C0052,Electronics ,Laptop X,146719.0,1,Paid,146719.0,0.0,146719.0
100935,,C0002,Accessories,USB-C Cable,15.08,1,Paid,15.08,0.0,15.08
101115,2023-12-14,C0307, Electronics ,NoiseCancel Headphones,222.14,1,Paid,222.14,0.0,222.14
100886,,C0016,Accessories,Screen Protector,6.71,3,Paid,20.13,0.0,20.13
100276,,C0098, Accessories,Wireless Mouse,4771.0,2,Paid,9542.0,0.0,9542.0
100115,,C0005,Accessories,Screen Protector,9.78,3,Paid,29.339999999999996,0.0,29.339999999999996
100728,2023-12-06,C0052,Smart Home,NordLock Pro,209.66,1,Paid,209.66,0.0,209.66
101156,2023-11-24,C0002,Electronics,Tablet A,386.12,1,Paid,386.12,0.0,386.12
100002,2023-11-15,C0002,Electronics,Tablet A,48825.0,1,Paid,48825.0,0.0,48825.0
100228,2023-11-24,C0147,Electronics,Smartphone Z,1055.64,1,Paid,1055.64,0.0,1055.64
100134,,C0001,Electronics ,Smartphone Z,97064.0,1,Pending,97064.0,0.0,97064.0
100249,,C0060, Electronics ,NoiseCancel Headphones,315.48,1,Paid,315.48,0.0,315.48
100497,,C0224, Electronics ,TV Pro,1627.15,1,Paid,1627.15,0.0,1627.15
100961,2023-12-11,C0003,Electronics,Smartphone Z,83285.0,1,Paid,83285.0,0.0,83285.0
100336,2023-11-27,C0002, Accessories ,Charger,22.85,4,Paid,91.4,0.0,91.4
100440,,C0012,Accessories,USB-C Cable,12.61,1,Paid,12.61,0.0,12.61
101167,2023-12-11,C0001,Electronics ,TV Pro,969.19,1,Paid,969.19,0.0,969.19
100813,2023-12-08,C0010, Electronics ,NoiseCancel Headphones,150.46,2,Paid,300.92,0.0,300.92
101052,,C0137,Accessories,Screen Protector,10.44,1,Paid,10.44,0.0,10.44
100442,2023-11-30,C0001,Electronics,NoiseCancel Headphones,15300.0,2,Paid,30600.0,0.0,30600.0
101163,,C0047,Electronics,Smartphone Z,712.48,1,Paid,712.48,0.0,712.48
101114,,C0002,Accessories,Laptop Sleeve,32.82,1,Paid,32.82,0.0,32.82
100839,,C0011, Accessories,Phone Case,2443.0,1,Paid,2443.0,0.0,2443.0
101048,2023-12-13,C0014, Smart Home ,NordLock Pro,183.01,1,Paid,183.01,0.0,183.01
101104,2023-12-14,C0013,Accessories,Accessory Bundle,8354.0,1,Paid,8354.0,0.0,8354.0
101150,,C0040,Smart Home,NordLock Pro,185.28,2,Paid,370.56,0.0,370.56
100243,2023-11-24,C0026,Electronics ,Laptop X,1554.67,1,Paid,1554.67,0.0,1554.67
100684,2023-12-05,C0001, Electronics ,Tablet A,587.1,1,Paid,587.1,0.0,587.1
100658,2023-12-05,C0002,Electronics ,NoiseCancel Headphones,15184.0,1,Paid,15184.0,0.0,15184.0
100505,2023-12-01,C0007, Electronics ,TV Pro,1619.06,1,Paid,1619.06,0.0,1619.06
100409,2023-11-29,C0001,Smart Home,NordPlug,21.0,1,Paid,21.0,0.0,21.0
101199,,C0001, Electronics ,NoiseCancel Headphones,18217.0,2,Paid,36434.0,0.0,36434.0
101106,2023-12-14,C0008, Electronics ,Tablet A,63565.0,1,Paid,63565.0,0.0,63565.0
101062,2023-12-13,C0019,Electronics,Smartphone Z,79982.0,1,Failed,79982.0,0.0,79982.0
100141,2023-11-21,C0007, Accessories,Phone Case,23.73,1,Paid,23.73,0.0,23.73
100547,2023-12-02,C0038, Accessories ,Charger,2490.0,2,Paid,4980.0,0.0,4980.0
100901,,C0036,Accessories,Phone Case,2308.0,3,Paid,6924.0,0.0,6924.0
100638,,C0005, Accessories,Phone Case,1942.0,1,Paid,1942.0,0.0,1942.0
100689,2023-12-06,C0166,Electronics,Smartphone Z,963.43,1,Paid,963.43,0.0,963.43
100622,,C0135,Accessories,Accessory Bundle,66.41,2,Paid,132.82,0.0,132.82
100851,2023-12-09,C0022, Accessories,USB-C Cable,1585.0,3,Pending,4755.0,0.0,4755.0
100584,2023-12-03,C0013,Electronics ,Tablet A,52449.0,2,Paid,104898.0,0.0,104898.0
100333,2023-11-27,C0165,Smart Home,NordTherm,83.95,1,Failed,83.95,0.0,83.95
101116,2023-12-14,C0002,Accessories,Screen Protector,9.56,1,Paid,9.56,9.56,0.0
101105,2023-12-14,C0218,Smart Home,NordLock Pro,221.88,1,Paid,221.88,0.0,221.88
